station_abbr;reference_timestamp;tre200m0;tre200mx;tre200mn;tre005m0;tre005mn;tre005mx;ure200m0;pva200m0;prestam0;pp0qffm0;ppz850m0;ppz700m0;pp0qnhm0;fkl010m0;fkl010m1;fu3010m0;fu3010m1;rre150m0;gre000m0;oli000m0;olo000m0;osr000m0;sre000m0;sremaxmv;erefaom0;xcd000m0;xno000m0;xno012m0;rreetsm0
ILZ;01.01.1892 00:00;;;;;;;;;;;;;;;;;;53.5;;;;;;;;;;;
ILZ;01.02.1892 00:00;;;;;;;;;;;;;;;;;;117.8;;;;;;;;;;;
ILZ;01.03.1892 00:00;;;;;;;;;;;;;;;;;;27.3;;;;;;;;;;;
ILZ;01.04.1892 00:00;;;;;;;;;;;;;;;;;;50.5;;;;;;;;;;;
ILZ;01.05.1892 00:00;;;;;;;;;;;;;;;;;;14.8;;;;;;;;;;;
ILZ;01.06.1892 00:00;;;;;;;;;;;;;;;;;;134.9;;;;;;;;;;;
ILZ;01.07.1892 00:00;;;;;;;;;;;;;;;;;;78.7;;;;;;;;;;;
ILZ;01.08.1892 00:00;;;;;;;;;;;;;;;;;;36.4;;;;;;;;;;;
ILZ;01.09.1892 00:00;;;;;;;;;;;;;;;;;;98;;;;;;;;;;;
ILZ;01.10.1892 00:00;;;;;;;;;;;;;;;;;;110.8;;;;;;;;;;;
ILZ;01.11.1892 00:00;;;;;;;;;;;;;;;;;;12.9;;;;;;;;;;;
ILZ;01.12.1892 00:00;;;;;;;;;;;;;;;;;;18.8;;;;;;;;;;;
ILZ;01.01.1893 00:00;;;;;;;;;;;;;;;;;;60.8;;;;;;;;;;;
ILZ;01.02.1893 00:00;;;;;;;;;;;;;;;;;;79.8;;;;;;;;;;;
ILZ;01.03.1893 00:00;;;;;;;;;;;;;;;;;;20.8;;;;;;;;;;;
ILZ;01.04.1893 00:00;;;;;;;;;;;;;;;;;;7.4;;;;;;;;;;;
ILZ;01.05.1893 00:00;;;;;;;;;;;;;;;;;;36.4;;;;;;;;;;;
ILZ;01.06.1893 00:00;;;;;;;;;;;;;;;;;;97.3;;;;;;;;;;;
ILZ;01.07.1893 00:00;;;;;;;;;;;;;;;;;;120.8;;;;;;;;;;;
ILZ;01.08.1893 00:00;;;;;;;;;;;;;;;;;;22.5;;;;;;;;;;;
ILZ;01.09.1893 00:00;;;;;;;;;;;;;;;;;;102;;;;;;;;;;;
ILZ;01.10.1893 00:00;;;;;;;;;;;;;;;;;;45.4;;;;;;;;;;;
ILZ;01.11.1893 00:00;;;;;;;;;;;;;;;;;;59.9;;;;;;;;;;;
ILZ;01.12.1893 00:00;;;;;;;;;;;;;;;;;;29.2;;;;;;;;;;;
ILZ;01.01.1894 00:00;;;;;;;;;;;;;;;;;;14.5;;;;;;;;;;;
ILZ;01.02.1894 00:00;;;;;;;;;;;;;;;;;;73;;;;;;;;;;;
ILZ;01.03.1894 00:00;;;;;;;;;;;;;;;;;;41.9;;;;;;;;;;;
ILZ;01.04.1894 00:00;;;;;;;;;;;;;;;;;;48;;;;;;;;;;;
ILZ;01.05.1894 00:00;;;;;;;;;;;;;;;;;;74.1;;;;;;;;;;;
ILZ;01.06.1894 00:00;;;;;;;;;;;;;;;;;;57.3;;;;;;;;;;;
ILZ;01.07.1894 00:00;;;;;;;;;;;;;;;;;;151.3;;;;;;;;;;;
ILZ;01.08.1894 00:00;;;;;;;;;;;;;;;;;;121.7;;;;;;;;;;;
ILZ;01.09.1894 00:00;;;;;;;;;;;;;;;;;;129.5;;;;;;;;;;;
ILZ;01.10.1894 00:00;;;;;;;;;;;;;;;;;;39.1;;;;;;;;;;;
ILZ;01.11.1894 00:00;;;;;;;;;;;;;;;;;;27.5;;;;;;;;;;;
ILZ;01.12.1894 00:00;;;;;;;;;;;;;;;;;;42.9;;;;;;;;;;;
ILZ;01.01.1895 00:00;;;;;;;;;;;;;;;;;;115.3;;;;;;;;;;;
ILZ;01.02.1895 00:00;;;;;;;;;;;;;;;;;;4.3;;;;;;;;;;;
ILZ;01.03.1895 00:00;;;;;;;;;;;;;;;;;;58.1;;;;;;;;;;;
ILZ;01.04.1895 00:00;;;;;;;;;;;;;;;;;;28.8;;;;;;;;;;;
ILZ;01.05.1895 00:00;;;;;;;;;;;;;;;;;;93.2;;;;;;;;;;;
ILZ;01.06.1895 00:00;;;;;;;;;;;;;;;;;;50.4;;;;;;;;;;;
ILZ;01.07.1895 00:00;;;;;;;;;;;;;;;;;;62.6;;;;;;;;;;;
ILZ;01.08.1895 00:00;;;;;;;;;;;;;;;;;;107.3;;;;;;;;;;;
ILZ;01.09.1895 00:00;;;;;;;;;;;;;;;;;;7.6;;;;;;;;;;;
ILZ;01.10.1895 00:00;;;;;;;;;;;;;;;;;;59.4;;;;;;;;;;;
ILZ;01.11.1895 00:00;;;;;;;;;;;;;;;;;;27.8;;;;;;;;;;;
ILZ;01.12.1895 00:00;;;;;;;;;;;;;;;;;;140.3;;;;;;;;;;;
ILZ;01.01.1896 00:00;;;;;;;;;;;;;;;;;;40.2;;;;;;;;;;;
ILZ;01.02.1896 00:00;;;;;;;;;;;;;;;;;;37.2;;;;;;;;;;;
ILZ;01.03.1896 00:00;;;;;;;;;;;;;;;;;;195.4;;;;;;;;;;;
ILZ;01.04.1896 00:00;;;;;;;;;;;;;;;;;;95.5;;;;;;;;;;;
ILZ;01.05.1896 00:00;;;;;;;;;;;;;;;;;;32.6;;;;;;;;;;;
ILZ;01.06.1896 00:00;;;;;;;;;;;;;;;;;;66.2;;;;;;;;;;;
ILZ;01.07.1896 00:00;;;;;;;;;;;;;;;;;;114.3;;;;;;;;;;;
ILZ;01.08.1896 00:00;;;;;;;;;;;;;;;;;;86.6;;;;;;;;;;;
ILZ;01.09.1896 00:00;;;;;;;;;;;;;;;;;;151.3;;;;;;;;;;;
ILZ;01.10.1896 00:00;;;;;;;;;;;;;;;;;;271;;;;;;;;;;;
ILZ;01.11.1896 00:00;;;;;;;;;;;;;;;;;;57.5;;;;;;;;;;;
ILZ;01.12.1896 00:00;;;;;;;;;;;;;;;;;;37.7;;;;;;;;;;;
ILZ;01.01.1897 00:00;;;;;;;;;;;;;;;;;;24.2;;;;;;;;;;;
ILZ;01.02.1897 00:00;;;;;;;;;;;;;;;;;;117;;;;;;;;;;;
ILZ;01.03.1897 00:00;;;;;;;;;;;;;;;;;;65.3;;;;;;;;;;;
ILZ;01.04.1897 00:00;;;;;;;;;;;;;;;;;;37.1;;;;;;;;;;;
ILZ;01.05.1897 00:00;;;;;;;;;;;;;;;;;;72.2;;;;;;;;;;;
ILZ;01.06.1897 00:00;;;;;;;;;;;;;;;;;;49;;;;;;;;;;;
ILZ;01.07.1897 00:00;;;;;;;;;;;;;;;;;;89.8;;;;;;;;;;;
ILZ;01.08.1897 00:00;;;;;;;;;;;;;;;;;;234.5;;;;;;;;;;;
ILZ;01.09.1897 00:00;;;;;;;;;;;;;;;;;;207.2;;;;;;;;;;;
ILZ;01.10.1897 00:00;;;;;;;;;;;;;;;;;;7.7;;;;;;;;;;;
ILZ;01.11.1897 00:00;;;;;;;;;;;;;;;;;;24.3;;;;;;;;;;;
ILZ;01.12.1897 00:00;;;;;;;;;;;;;;;;;;39;;;;;;;;;;;
ILZ;01.01.1898 00:00;;;;;;;;;;;;;;;;;;6;;;;;;;;;;;
ILZ;01.02.1898 00:00;;;;;;;;;;;;;;;;;;152.6;;;;;;;;;;;
ILZ;01.03.1898 00:00;;;;;;;;;;;;;;;;;;51.4;;;;;;;;;;;
ILZ;01.04.1898 00:00;;;;;;;;;;;;;;;;;;46.1;;;;;;;;;;;
ILZ;01.05.1898 00:00;;;;;;;;;;;;;;;;;;147.1;;;;;;;;;;;
ILZ;01.06.1898 00:00;;;;;;;;;;;;;;;;;;142.5;;;;;;;;;;;
ILZ;01.07.1898 00:00;;;;;;;;;;;;;;;;;;51.8;;;;;;;;;;;
ILZ;01.08.1898 00:00;;;;;;;;;;;;;;;;;;94.6;;;;;;;;;;;
ILZ;01.09.1898 00:00;;;;;;;;;;;;;;;;;;6.7;;;;;;;;;;;
ILZ;01.10.1898 00:00;;;;;;;;;;;;;;;;;;80.4;;;;;;;;;;;
ILZ;01.11.1898 00:00;;;;;;;;;;;;;;;;;;146.3;;;;;;;;;;;
ILZ;01.12.1898 00:00;;;;;;;;;;;;;;;;;;24.4;;;;;;;;;;;
ILZ;01.01.1899 00:00;;;;;;;;;;;;;;;;;;205.4;;;;;;;;;;;
ILZ;01.02.1899 00:00;;;;;;;;;;;;;;;;;;4.1;;;;;;;;;;;
ILZ;01.03.1899 00:00;;;;;;;;;;;;;;;;;;42.6;;;;;;;;;;;
ILZ;01.04.1899 00:00;;;;;;;;;;;;;;;;;;108;;;;;;;;;;;
ILZ;01.05.1899 00:00;;;;;;;;;;;;;;;;;;80.8;;;;;;;;;;;
ILZ;01.06.1899 00:00;;;;;;;;;;;;;;;;;;37.4;;;;;;;;;;;
ILZ;01.07.1899 00:00;;;;;;;;;;;;;;;;;;33.2;;;;;;;;;;;
ILZ;01.08.1899 00:00;;;;;;;;;;;;;;;;;;44;;;;;;;;;;;
ILZ;01.09.1899 00:00;;;;;;;;;;;;;;;;;;114.1;;;;;;;;;;;
ILZ;01.10.1899 00:00;;;;;;;;;;;;;;;;;;11;;;;;;;;;;;
ILZ;01.11.1899 00:00;;;;;;;;;;;;;;;;;;1.6;;;;;;;;;;;
ILZ;01.12.1899 00:00;;;;;;;;;;;;;;;;;;57.1;;;;;;;;;;;
ILZ;01.01.1900 00:00;;;;;;;;;;;;;;;;;;86.9;;;;;;;;;;;
ILZ;01.02.1900 00:00;;;;;;;;;;;;;;;;;;93.4;;;;;;;;;;;
ILZ;01.03.1900 00:00;;;;;;;;;;;;;;;;;;31.3;;;;;;;;;;;
ILZ;01.04.1900 00:00;;;;;;;;;;;;;;;;;;55.8;;;;;;;;;;;
ILZ;01.05.1900 00:00;;;;;;;;;;;;;;;;;;98.4;;;;;;;;;;;
ILZ;01.06.1900 00:00;;;;;;;;;;;;;;;;;;32.2;;;;;;;;;;;
ILZ;01.07.1900 00:00;;;;;;;;;;;;;;;;;;108.9;;;;;;;;;;;
ILZ;01.08.1900 00:00;;;;;;;;;;;;;;;;;;185.6;;;;;;;;;;;
ILZ;01.09.1900 00:00;;;;;;;;;;;;;;;;;;27.1;;;;;;;;;;;
ILZ;01.10.1900 00:00;;;;;;;;;;;;;;;;;;14.5;;;;;;;;;;;
ILZ;01.11.1900 00:00;;;;;;;;;;;;;;;;;;86.5;;;;;;;;;;;
ILZ;01.12.1900 00:00;;;;;;;;;;;;;;;;;;80.7;;;;;;;;;;;
ILZ;01.01.1901 00:00;;;;;;;;;;;;;;;;;;44.8;;;;;;;;;;;
ILZ;01.02.1901 00:00;;;;;;;;;;;;;;;;;;14.2;;;;;;;;;;;
ILZ;01.03.1901 00:00;;;;;;;;;;;;;;;;;;76.2;;;;;;;;;;;
ILZ;01.04.1901 00:00;;;;;;;;;;;;;;;;;;128.8;;;;;;;;;;;
ILZ;01.05.1901 00:00;;;;;;;;;;;;;;;;;;66.6;;;;;;;;;;;
ILZ;01.06.1901 00:00;;;;;;;;;;;;;;;;;;152;;;;;;;;;;;
ILZ;01.07.1901 00:00;;;;;;;;;;;;;;;;;;158.9;;;;;;;;;;;
ILZ;01.08.1901 00:00;;;;;;;;;;;;;;;;;;104.1;;;;;;;;;;;
ILZ;01.09.1901 00:00;;;;;;;;;;;;;;;;;;95.7;;;;;;;;;;;
ILZ;01.10.1901 00:00;;;;;;;;;;;;;;;;;;67.8;;;;;;;;;;;
ILZ;01.11.1901 00:00;;;;;;;;;;;;;;;;;;20.3;;;;;;;;;;;
ILZ;01.12.1901 00:00;;;;;;;;;;;;;;;;;;78.6;;;;;;;;;;;
ILZ;01.01.1902 00:00;;;;;;;;;;;;;;;;;;52;;;;;;;;;;;
ILZ;01.02.1902 00:00;;;;;;;;;;;;;;;;;;23.7;;;;;;;;;;;
ILZ;01.03.1902 00:00;;;;;;;;;;;;;;;;;;162.9;;;;;;;;;;;
ILZ;01.04.1902 00:00;;;;;;;;;;;;;;;;;;28.3;;;;;;;;;;;
ILZ;01.05.1902 00:00;;;;;;;;;;;;;;;;;;79.3;;;;;;;;;;;
ILZ;01.06.1902 00:00;;;;;;;;;;;;;;;;;;70.2;;;;;;;;;;;
ILZ;01.07.1902 00:00;;;;;;;;;;;;;;;;;;73.1;;;;;;;;;;;
ILZ;01.08.1902 00:00;;;;;;;;;;;;;;;;;;100.1;;;;;;;;;;;
ILZ;01.09.1902 00:00;;;;;;;;;;;;;;;;;;110.4;;;;;;;;;;;
ILZ;01.10.1902 00:00;;;;;;;;;;;;;;;;;;85.8;;;;;;;;;;;
ILZ;01.11.1902 00:00;;;;;;;;;;;;;;;;;;5.2;;;;;;;;;;;
ILZ;01.12.1902 00:00;;;;;;;;;;;;;;;;;;115.6;;;;;;;;;;;
ILZ;01.01.1903 00:00;;;;;;;;;;;;;;;;;;41.3;;;;;;;;;;;
ILZ;01.02.1903 00:00;;;;;;;;;;;;;;;;;;24.7;;;;;;;;;;;
ILZ;01.03.1903 00:00;;;;;;;;;;;;;;;;;;51.5;;;;;;;;;;;
ILZ;01.04.1903 00:00;;;;;;;;;;;;;;;;;;76.2;;;;;;;;;;;
ILZ;01.05.1903 00:00;;;;;;;;;;;;;;;;;;106.8;;;;;;;;;;;
ILZ;01.06.1903 00:00;;;;;;;;;;;;;;;;;;62.2;;;;;;;;;;;
ILZ;01.07.1903 00:00;;;;;;;;;;;;;;;;;;93.4;;;;;;;;;;;
ILZ;01.08.1903 00:00;;;;;;;;;;;;;;;;;;118.8;;;;;;;;;;;
ILZ;01.09.1903 00:00;;;;;;;;;;;;;;;;;;63.6;;;;;;;;;;;
ILZ;01.10.1903 00:00;;;;;;;;;;;;;;;;;;101.3;;;;;;;;;;;
ILZ;01.11.1903 00:00;;;;;;;;;;;;;;;;;;96.2;;;;;;;;;;;
ILZ;01.12.1903 00:00;;;;;;;;;;;;;;;;;;58.3;;;;;;;;;;;
ILZ;01.01.1904 00:00;;;;;;;;;;;;;;;;;;10.2;;;;;;;;;;;
ILZ;01.02.1904 00:00;;;;;;;;;;;;;;;;;;81.8;;;;;;;;;;;
ILZ;01.03.1904 00:00;;;;;;;;;;;;;;;;;;48.8;;;;;;;;;;;
ILZ;01.04.1904 00:00;;;;;;;;;;;;;;;;;;66.8;;;;;;;;;;;
ILZ;01.05.1904 00:00;;;;;;;;;;;;;;;;;;146.2;;;;;;;;;;;
ILZ;01.06.1904 00:00;;;;;;;;;;;;;;;;;;68.9;;;;;;;;;;;
ILZ;01.07.1904 00:00;;;;;;;;;;;;;;;;;;34.6;;;;;;;;;;;
ILZ;01.08.1904 00:00;;;;;;;;;;;;;;;;;;48;;;;;;;;;;;
ILZ;01.09.1904 00:00;;;;;;;;;;;;;;;;;;72.4;;;;;;;;;;;
ILZ;01.10.1904 00:00;;;;;;;;;;;;;;;;;;25;;;;;;;;;;;
ILZ;01.11.1904 00:00;;;;;;;;;;;;;;;;;;54.2;;;;;;;;;;;
ILZ;01.12.1904 00:00;;;;;;;;;;;;;;;;;;41.9;;;;;;;;;;;
ILZ;01.01.1905 00:00;;;;;;;;;;;;;;;;;;43.7;;;;;;;;;;;
ILZ;01.02.1905 00:00;;;;;;;;;;;;;;;;;;19.9;;;;;;;;;;;
ILZ;01.03.1905 00:00;;;;;;;;;;;;;;;;;;75.9;;;;;;;;;;;
ILZ;01.04.1905 00:00;;;;;;;;;;;;;;;;;;97.6;;;;;;;;;;;
ILZ;01.05.1905 00:00;;;;;;;;;;;;;;;;;;89.4;;;;;;;;;;;
ILZ;01.06.1905 00:00;;;;;;;;;;;;;;;;;;45.7;;;;;;;;;;;
ILZ;01.07.1905 00:00;;;;;;;;;;;;;;;;;;59.7;;;;;;;;;;;
ILZ;01.08.1905 00:00;;;;;;;;;;;;;;;;;;188.9;;;;;;;;;;;
ILZ;01.09.1905 00:00;;;;;;;;;;;;;;;;;;99.4;;;;;;;;;;;
ILZ;01.10.1905 00:00;;;;;;;;;;;;;;;;;;58.8;;;;;;;;;;;
ILZ;01.11.1905 00:00;;;;;;;;;;;;;;;;;;89.8;;;;;;;;;;;
ILZ;01.12.1905 00:00;;;;;;;;;;;;;;;;;;33.6;;;;;;;;;;;
ILZ;01.01.1906 00:00;;;;;;;;;;;;;;;;;;64.1;;;;;;;;;;;
ILZ;01.02.1906 00:00;;;;;;;;;;;;;;;;;;68.9;;;;;;;;;;;
ILZ;01.03.1906 00:00;;;;;;;;;;;;;;;;;;69.4;;;;;;;;;;;
ILZ;01.04.1906 00:00;;;;;;;;;;;;;;;;;;44.1;;;;;;;;;;;
ILZ;01.05.1906 00:00;;;;;;;;;;;;;;;;;;107.6;;;;;;;;;;;
ILZ;01.06.1906 00:00;;;;;;;;;;;;;;;;;;33.2;;;;;;;;;;;
ILZ;01.07.1906 00:00;;;;;;;;;;;;;;;;;;178.3;;;;;;;;;;;
ILZ;01.08.1906 00:00;;;;;;;;;;;;;;;;;;54.5;;;;;;;;;;;
ILZ;01.09.1906 00:00;;;;;;;;;;;;;;;;;;38.5;;;;;;;;;;;
ILZ;01.10.1906 00:00;;;;;;;;;;;;;;;;;;25;;;;;;;;;;;
ILZ;01.11.1906 00:00;;;;;;;;;;;;;;;;;;154.8;;;;;;;;;;;
ILZ;01.12.1906 00:00;;;;;;;;;;;;;;;;;;81.3;;;;;;;;;;;
ILZ;01.01.1907 00:00;;;;;;;;;;;;;;;;;;73.3;;;;;;;;;;;
ILZ;01.02.1907 00:00;;;;;;;;;;;;;;;;;;35;;;;;;;;;;;
ILZ;01.03.1907 00:00;;;;;;;;;;;;;;;;;;112.6;;;;;;;;;;;
ILZ;01.04.1907 00:00;;;;;;;;;;;;;;;;;;51.1;;;;;;;;;;;
ILZ;01.05.1907 00:00;;;;;;;;;;;;;;;;;;67.6;;;;;;;;;;;
ILZ;01.06.1907 00:00;;;;;;;;;;;;;;;;;;118.2;;;;;;;;;;;
ILZ;01.07.1907 00:00;;;;;;;;;;;;;;;;;;97.9;;;;;;;;;;;
ILZ;01.08.1907 00:00;;;;;;;;;;;;;;;;;;92.8;;;;;;;;;;;
ILZ;01.09.1907 00:00;;;;;;;;;;;;;;;;;;44.3;;;;;;;;;;;
ILZ;01.10.1907 00:00;;;;;;;;;;;;;;;;;;129.1;;;;;;;;;;;
ILZ;01.11.1907 00:00;;;;;;;;;;;;;;;;;;19.1;;;;;;;;;;;
ILZ;01.12.1907 00:00;;;;;;;;;;;;;;;;;;78.8;;;;;;;;;;;
ILZ;01.01.1908 00:00;;;;;;;;;;;;;;;;;;21.5;;;;;;;;;;;
ILZ;01.02.1908 00:00;;;;;;;;;;;;;;;;;;121.4;;;;;;;;;;;
ILZ;01.03.1908 00:00;;;;;;;;;;;;;;;;;;48.5;;;;;;;;;;;
ILZ;01.04.1908 00:00;;;;;;;;;;;;;;;;;;63.8;;;;;;;;;;;
ILZ;01.05.1908 00:00;;;;;;;;;;;;;;;;;;121.7;;;;;;;;;;;
ILZ;01.06.1908 00:00;;;;;;;;;;;;;;;;;;51;;;;;;;;;;;
ILZ;01.07.1908 00:00;;;;;;;;;;;;;;;;;;103.5;;;;;;;;;;;
ILZ;01.08.1908 00:00;;;;;;;;;;;;;;;;;;148.7;;;;;;;;;;;
ILZ;01.09.1908 00:00;;;;;;;;;;;;;;;;;;128.8;;;;;;;;;;;
ILZ;01.10.1908 00:00;;;;;;;;;;;;;;;;;;11.9;;;;;;;;;;;
ILZ;01.11.1908 00:00;;;;;;;;;;;;;;;;;;61.9;;;;;;;;;;;
ILZ;01.12.1908 00:00;;;;;;;;;;;;;;;;;;22.8;;;;;;;;;;;
ILZ;01.01.1909 00:00;;;;;;;;;;;;;;;;;;36.9;;;;;;;;;;;
ILZ;01.02.1909 00:00;;;;;;;;;;;;;;;;;;39.9;;;;;;;;;;;
ILZ;01.03.1909 00:00;;;;;;;;;;;;;;;;;;26.4;;;;;;;;;;;
ILZ;01.04.1909 00:00;;;;;;;;;;;;;;;;;;85.5;;;;;;;;;;;
ILZ;01.05.1909 00:00;;;;;;;;;;;;;;;;;;69;;;;;;;;;;;
ILZ;01.06.1909 00:00;;;;;;;;;;;;;;;;;;154.7;;;;;;;;;;;
ILZ;01.07.1909 00:00;;;;;;;;;;;;;;;;;;105.4;;;;;;;;;;;
ILZ;01.08.1909 00:00;;;;;;;;;;;;;;;;;;166.9;;;;;;;;;;;
ILZ;01.09.1909 00:00;;;;;;;;;;;;;;;;;;48.9;;;;;;;;;;;
ILZ;01.10.1909 00:00;;;;;;;;;;;;;;;;;;86.7;;;;;;;;;;;
ILZ;01.11.1909 00:00;;;;;;;;;;;;;;;;;;59.6;;;;;;;;;;;
ILZ;01.12.1909 00:00;;;;;;;;;;;;;;;;;;77.7;;;;;;;;;;;
ILZ;01.01.1910 00:00;;;;;;;;;;;;;;;;;;172.9;;;;;;;;;;;
ILZ;01.02.1910 00:00;;;;;;;;;;;;;;;;;;52.6;;;;;;;;;;;
ILZ;01.03.1910 00:00;;;;;;;;;;;;;;;;;;21.4;;;;;;;;;;;
ILZ;01.04.1910 00:00;;;;;;;;;;;;;;;;;;84.7;;;;;;;;;;;
ILZ;01.05.1910 00:00;;;;;;;;;;;;;;;;;;58.1;;;;;;;;;;;
ILZ;01.06.1910 00:00;;;;;;;;;;;;;;;;;;152;;;;;;;;;;;
ILZ;01.07.1910 00:00;;;;;;;;;;;;;;;;;;128.4;;;;;;;;;;;
ILZ;01.08.1910 00:00;;;;;;;;;;;;;;;;;;125.6;;;;;;;;;;;
ILZ;01.09.1910 00:00;;;;;;;;;;;;;;;;;;64.5;;;;;;;;;;;
ILZ;01.10.1910 00:00;;;;;;;;;;;;;;;;;;55.9;;;;;;;;;;;
ILZ;01.11.1910 00:00;;;;;;;;;;;;;;;;;;112;;;;;;;;;;;
ILZ;01.12.1910 00:00;;;;;;;;;;;;;;;;;;83.4;;;;;;;;;;;
ILZ;01.01.1911 00:00;;;;;;;;;;;;;;;;;;4.6;;;;;;;;;;;
ILZ;01.02.1911 00:00;;;;;;;;;;;;;;;;;;60.8;;;;;;;;;;;
ILZ;01.03.1911 00:00;;;;;;;;;;;;;;;;;;66.1;;;;;;;;;;;
ILZ;01.04.1911 00:00;;;;;;;;;;;;;;;;;;43.7;;;;;;;;;;;
ILZ;01.05.1911 00:00;;;;;;;;;;;;;;;;;;23;;;;;;;;;;;
ILZ;01.06.1911 00:00;;;;;;;;;;;;;;;;;;124.1;;;;;;;;;;;
ILZ;01.07.1911 00:00;;;;;;;;;;;;;;;;;;21;;;;;;;;;;;
ILZ;01.08.1911 00:00;;;;;;;;;;;;;;;;;;98.9;;;;;;;;;;;
ILZ;01.09.1911 00:00;;;;;;;;;;;;;;;;;;138.7;;;;;;;;;;;
ILZ;01.10.1911 00:00;;;;;;;;;;;;;;;;;;157.3;;;;;;;;;;;
ILZ;01.11.1911 00:00;;;;;;;;;;;;;;;;;;86.5;;;;;;;;;;;
ILZ;01.12.1911 00:00;;;;;;;;;;;;;;;;;;107.4;;;;;;;;;;;
ILZ;01.01.1912 00:00;;;;;;;;;;;;;;;;;;59.2;;;;;;;;;;;
ILZ;01.02.1912 00:00;;;;;;;;;;;;;;;;;;27.2;;;;;;;;;;;
ILZ;01.03.1912 00:00;;;;;;;;;;;;;;;;;;83.8;;;;;;;;;;;
ILZ;01.04.1912 00:00;;;;;;;;;;;;;;;;;;24.1;;;;;;;;;;;
ILZ;01.05.1912 00:00;;;;;;;;;;;;;;;;;;90.5;;;;;;;;;;;
ILZ;01.06.1912 00:00;;;;;;;;;;;;;;;;;;75.1;;;;;;;;;;;
ILZ;01.07.1912 00:00;;;;;;;;;;;;;;;;;;98.1;;;;;;;;;;;
ILZ;01.08.1912 00:00;;;;;;;;;;;;;;;;;;190;;;;;;;;;;;
ILZ;01.09.1912 00:00;;;;;;;;;;;;;;;;;;16.4;;;;;;;;;;;
ILZ;01.10.1912 00:00;;;;;;;;;;;;;;;;;;124.3;;;;;;;;;;;
ILZ;01.11.1912 00:00;;;;;;;;;;;;;;;;;;63.1;;;;;;;;;;;
ILZ;01.12.1912 00:00;;;;;;;;;;;;;;;;;;54.3;;;;;;;;;;;
ILZ;01.01.1913 00:00;;;;;;;;;;;;;;;;;;66.8;;;;;;;;;;;
ILZ;01.02.1913 00:00;;;;;;;;;;;;;;;;;;15.6;;;;;;;;;;;
ILZ;01.03.1913 00:00;;;;;;;;;;;;;;;;;;59;;;;;;;;;;;
ILZ;01.04.1913 00:00;;;;;;;;;;;;;;;;;;85.6;;;;;;;;;;;
ILZ;01.05.1913 00:00;;;;;;;;;;;;;;;;;;65.5;;;;;;;;;;;
ILZ;01.06.1913 00:00;;;;;;;;;;;;;;;;;;80;;;;;;;;;;;
ILZ;01.07.1913 00:00;;;;;;;;;;;;;;;;;;129.4;;;;;;;;;;;
ILZ;01.08.1913 00:00;;;;;;;;;;;;;;;;;;82.2;;;;;;;;;;;
ILZ;01.09.1913 00:00;;;;;;;;;;;;;;;;;;94.6;;;;;;;;;;;
ILZ;01.10.1913 00:00;;;;;;;;;;;;;;;;;;85;;;;;;;;;;;
ILZ;01.11.1913 00:00;;;;;;;;;;;;;;;;;;139.7;;;;;;;;;;;
ILZ;01.12.1913 00:00;;;;;;;;;;;;;;;;;;84.6;;;;;;;;;;;
ILZ;01.01.1914 00:00;;;;;;;;;;;;;;;;;;91.8;;;;;;;;;;;
ILZ;01.02.1914 00:00;;;;;;;;;;;;;;;;;;62.6;;;;;;;;;;;
ILZ;01.03.1914 00:00;;;;;;;;;;;;;;;;;;150.1;;;;;;;;;;;
ILZ;01.04.1914 00:00;;;;;;;;;;;;;;;;;;17.2;;;;;;;;;;;
ILZ;01.05.1914 00:00;;;;;;;;;;;;;;;;;;112.3;;;;;;;;;;;
ILZ;01.06.1914 00:00;;;;;;;;;;;;;;;;;;80.8;;;;;;;;;;;
ILZ;01.07.1914 00:00;;;;;;;;;;;;;;;;;;172;;;;;;;;;;;
ILZ;01.08.1914 00:00;;;;;;;;;;;;;;;;;;111.1;;;;;;;;;;;
ILZ;01.09.1914 00:00;;;;;;;;;;;;;;;;;;43.8;;;;;;;;;;;
ILZ;01.10.1914 00:00;;;;;;;;;;;;;;;;;;96.1;;;;;;;;;;;
ILZ;01.11.1914 00:00;;;;;;;;;;;;;;;;;;30.5;;;;;;;;;;;
ILZ;01.12.1914 00:00;;;;;;;;;;;;;;;;;;44;;;;;;;;;;;
ILZ;01.01.1915 00:00;;;;;;;;;;;;;;;;;;127.5;;;;;;;;;;;
ILZ;01.02.1915 00:00;;;;;;;;;;;;;;;;;;48.9;;;;;;;;;;;
ILZ;01.03.1915 00:00;;;;;;;;;;;;;;;;;;86.3;;;;;;;;;;;
ILZ;01.04.1915 00:00;;;;;;;;;;;;;;;;;;48.7;;;;;;;;;;;
ILZ;01.05.1915 00:00;;;;;;;;;;;;;;;;;;38;;;;;;;;;;;
ILZ;01.06.1915 00:00;;;;;;;;;;;;;;;;;;32.8;;;;;;;;;;;
ILZ;01.07.1915 00:00;;;;;;;;;;;;;;;;;;162.9;;;;;;;;;;;
ILZ;01.08.1915 00:00;;;;;;;;;;;;;;;;;;62.1;;;;;;;;;;;
ILZ;01.09.1915 00:00;;;;;;;;;;;;;;;;;;140.1;;;;;;;;;;;
ILZ;01.10.1915 00:00;;;;;;;;;;;;;;;;;;10.2;;;;;;;;;;;
ILZ;01.11.1915 00:00;;;;;;;;;;;;;;;;;;45.1;;;;;;;;;;;
ILZ;01.12.1915 00:00;;;;;;;;;;;;;;;;;;72.9;;;;;;;;;;;
ILZ;01.01.1916 00:00;;;;;;;;;;;;;;;;;;64.5;;;;;;;;;;;
ILZ;01.02.1916 00:00;;;;;;;;;;;;;;;;;;115.3;;;;;;;;;;;
ILZ;01.03.1916 00:00;;;;;;;;;;;;;;;;;;121.9;;;;;;;;;;;
ILZ;01.04.1916 00:00;;;;;;;;;;;;;;;;;;102.8;;;;;;;;;;;
ILZ;01.05.1916 00:00;;;;;;;;;;;;;;;;;;79.7;;;;;;;;;;;
ILZ;01.06.1916 00:00;;;;;;;;;;;;;;;;;;228.6;;;;;;;;;;;
ILZ;01.07.1916 00:00;;;;;;;;;;;;;;;;;;94.8;;;;;;;;;;;
ILZ;01.08.1916 00:00;;;;;;;;;;;;;;;;;;172.4;;;;;;;;;;;
ILZ;01.09.1916 00:00;;;;;;;;;;;;;;;;;;84.8;;;;;;;;;;;
ILZ;01.10.1916 00:00;;;;;;;;;;;;;;;;;;103.2;;;;;;;;;;;
ILZ;01.11.1916 00:00;;;;;;;;;;;;;;;;;;95;;;;;;;;;;;
ILZ;01.12.1916 00:00;;;;;;;;;;;;;;;;;;152.4;;;;;;;;;;;
ILZ;01.01.1917 00:00;;;;;;;;;;;;;;;;;;37.6;;;;;;;;;;;
ILZ;01.02.1917 00:00;;;;;;;;;;;;;;;;;;5.1;;;;;;;;;;;
ILZ;01.03.1917 00:00;;;;;;;;;;;;;;;;;;45.1;;;;;;;;;;;
ILZ;01.04.1917 00:00;;;;;;;;;;;;;;;;;;155.2;;;;;;;;;;;
ILZ;01.05.1917 00:00;;;;;;;;;;;;;;;;;;74.8;;;;;;;;;;;
ILZ;01.06.1917 00:00;;;;;;;;;;;;;;;;;;53.2;;;;;;;;;;;
ILZ;01.07.1917 00:00;;;;;;;;;;;;;;;;;;104.3;;;;;;;;;;;
ILZ;01.08.1917 00:00;;;;;;;;;;;;;;;;;;196.1;;;;;;;;;;;
ILZ;01.09.1917 00:00;;;;;;;;;;;;;;;;;;26.4;;;;;;;;;;;
ILZ;01.10.1917 00:00;;;;;;;;;;;;;;;;;;249.8;;;;;;;;;;;
ILZ;01.11.1917 00:00;;;;;;;;;;;;;;;;;;50.3;;;;;;;;;;;
ILZ;01.12.1917 00:00;;;;;;;;;;;;;;;;;;28.9;;;;;;;;;;;
ILZ;01.01.1918 00:00;;;;;;;;;;;;;;;;;;14.6;;;;;;;;;;;
ILZ;01.02.1918 00:00;;;;;;;;;;;;;;;;;;15.7;;;;;;;;;;;
ILZ;01.03.1918 00:00;;;;;;;;;;;;;;;;;;38.1;;;;;;;;;;;
ILZ;01.04.1918 00:00;;;;;;;;;;;;;;;;;;40.1;;;;;;;;;;;
ILZ;01.05.1918 00:00;;;;;;;;;;;;;;;;;;23.3;;;;;;;;;;;
ILZ;01.06.1918 00:00;;;;;;;;;;;;;;;;;;143.8;;;;;;;;;;;
ILZ;01.07.1918 00:00;;;;;;;;;;;;;;;;;;65.6;;;;;;;;;;;
ILZ;01.08.1918 00:00;;;;;;;;;;;;;;;;;;123.4;;;;;;;;;;;
ILZ;01.09.1918 00:00;;;;;;;;;;;;;;;;;;144.1;;;;;;;;;;;
ILZ;01.10.1918 00:00;;;;;;;;;;;;;;;;;;58.8;;;;;;;;;;;
ILZ;01.11.1918 00:00;;;;;;;;;;;;;;;;;;38.2;;;;;;;;;;;
ILZ;01.12.1918 00:00;;;;;;;;;;;;;;;;;;224.5;;;;;;;;;;;
ILZ;01.01.1919 00:00;;;;;;;;;;;;;;;;;;90.9;;;;;;;;;;;
ILZ;01.02.1919 00:00;;;;;;;;;;;;;;;;;;36;;;;;;;;;;;
ILZ;01.03.1919 00:00;;;;;;;;;;;;;;;;;;52.1;;;;;;;;;;;
ILZ;01.04.1919 00:00;;;;;;;;;;;;;;;;;;105.8;;;;;;;;;;;
ILZ;01.05.1919 00:00;;;;;;;;;;;;;;;;;;39.4;;;;;;;;;;;
ILZ;01.06.1919 00:00;;;;;;;;;;;;;;;;;;58.3;;;;;;;;;;;
ILZ;01.07.1919 00:00;;;;;;;;;;;;;;;;;;80.2;;;;;;;;;;;
ILZ;01.08.1919 00:00;;;;;;;;;;;;;;;;;;58.8;;;;;;;;;;;
ILZ;01.09.1919 00:00;;;;;;;;;;;;;;;;;;98.4;;;;;;;;;;;
ILZ;01.10.1919 00:00;;;;;;;;;;;;;;;;;;57.1;;;;;;;;;;;
ILZ;01.11.1919 00:00;;;;;;;;;;;;;;;;;;144.7;;;;;;;;;;;
ILZ;01.12.1919 00:00;;;;;;;;;;;;;;;;;;166;;;;;;;;;;;
ILZ;01.01.1920 00:00;;;;;;;;;;;;;;;;;;149.6;;;;;;;;;;;
ILZ;01.02.1920 00:00;;;;;;;;;;;;;;;;;;14.5;;;;;;;;;;;
ILZ;01.03.1920 00:00;;;;;;;;;;;;;;;;;;80.3;;;;;;;;;;;
ILZ;01.04.1920 00:00;;;;;;;;;;;;;;;;;;76.7;;;;;;;;;;;
ILZ;01.05.1920 00:00;;;;;;;;;;;;;;;;;;86.2;;;;;;;;;;;
ILZ;01.06.1920 00:00;;;;;;;;;;;;;;;;;;66.8;;;;;;;;;;;
ILZ;01.07.1920 00:00;;;;;;;;;;;;;;;;;;183;;;;;;;;;;;
ILZ;01.08.1920 00:00;;;;;;;;;;;;;;;;;;43.4;;;;;;;;;;;
ILZ;01.09.1920 00:00;;;;;;;;;;;;;;;;;;172.6;;;;;;;;;;;
ILZ;01.10.1920 00:00;;;;;;;;;;;;;;;;;;10;;;;;;;;;;;
ILZ;01.11.1920 00:00;;;;;;;;;;;;;;;;;;0;;;;;;;;;;;
ILZ;01.12.1920 00:00;;;;;;;;;;;;;;;;;;23.3;;;;;;;;;;;
ILZ;01.01.1921 00:00;;;;;;;;;;;;;;;;;;88.2;;;;;;;;;;;
ILZ;01.02.1921 00:00;;;;;;;;;;;;;;;;;;14;;;;;;;;;;;
ILZ;01.03.1921 00:00;;;;;;;;;;;;;;;;;;5.2;;;;;;;;;;;
ILZ;01.04.1921 00:00;;;;;;;;;;;;;;;;;;33.3;;;;;;;;;;;
ILZ;01.05.1921 00:00;;;;;;;;;;;;;;;;;;55.9;;;;;;;;;;;
ILZ;01.06.1921 00:00;;;;;;;;;;;;;;;;;;98.9;;;;;;;;;;;
ILZ;01.07.1921 00:00;;;;;;;;;;;;;;;;;;42.1;;;;;;;;;;;
ILZ;01.08.1921 00:00;;;;;;;;;;;;;;;;;;123.7;;;;;;;;;;;
ILZ;01.09.1921 00:00;;;;;;;;;;;;;;;;;;51.2;;;;;;;;;;;
ILZ;01.10.1921 00:00;;;;;;;;;;;;;;;;;;27.5;;;;;;;;;;;
ILZ;01.11.1921 00:00;;;;;;;;;;;;;;;;;;97.5;;;;;;;;;;;
ILZ;01.12.1921 00:00;;;;;;;;;;;;;;;;;;22;;;;;;;;;;;
ILZ;01.01.1922 00:00;;;;;;;;;;;;;;;;;;171.4;;;;;;;;;;;
ILZ;01.02.1922 00:00;;;;;;;;;;;;;;;;;;73;;;;;;;;;;;
ILZ;01.03.1922 00:00;;;;;;;;;;;;;;;;;;111;;;;;;;;;;;
ILZ;01.04.1922 00:00;;;;;;;;;;;;;;;;;;106.8;;;;;;;;;;;
ILZ;01.05.1922 00:00;;;;;;;;;;;;;;;;;;35;;;;;;;;;;;
ILZ;01.06.1922 00:00;;;;;;;;;;;;;;;;;;60.1;;;;;;;;;;;
ILZ;01.07.1922 00:00;;;;;;;;;;;;;;;;;;174.9;;;;;;;;;;;
ILZ;01.08.1922 00:00;;;;;;;;;;;;;;;;;;144.2;;;;;;;;;;;
ILZ;01.09.1922 00:00;;;;;;;;;;;;;;;;;;131.8;;;;;;;;;;;
ILZ;01.10.1922 00:00;;;;;;;;;;;;;;;;;;77.9;;;;;;;;;;;
ILZ;01.11.1922 00:00;;;;;;;;;;;;;;;;;;87.2;;;;;;;;;;;
ILZ;01.12.1922 00:00;;;;;;;;;;;;;;;;;;196;;;;;;;;;;;
ILZ;01.01.1923 00:00;;;;;;;;;;;;;;;;;;53.3;;;;;;;;;;;
ILZ;01.02.1923 00:00;;;;;;;;;;;;;;;;;;48.9;;;;;;;;;;;
ILZ;01.03.1923 00:00;;;;;;;;;;;;;;;;;;18.5;;;;;;;;;;;
ILZ;01.04.1923 00:00;;;;;;;;;;;;;;;;;;57.6;;;;;;;;;;;
ILZ;01.05.1923 00:00;;;;;;;;;;;;;;;;;;111.8;;;;;;;;;;;
ILZ;01.06.1923 00:00;;;;;;;;;;;;;;;;;;54.4;;;;;;;;;;;
ILZ;01.07.1923 00:00;;;;;;;;;;;;;;;;;;35.5;;;;;;;;;;;
ILZ;01.08.1923 00:00;;;;;;;;;;;;;;;;;;100.8;;;;;;;;;;;
ILZ;01.09.1923 00:00;;;;;;;;;;;;;;;;;;124.7;;;;;;;;;;;
ILZ;01.10.1923 00:00;;;;;;;;;;;;;;;;;;139.9;;;;;;;;;;;
ILZ;01.11.1923 00:00;;;;;;;;;;;;;;;;;;155.6;;;;;;;;;;;
ILZ;01.12.1923 00:00;;;;;;;;;;;;;;;;;;224.5;;;;;;;;;;;
ILZ;01.01.1924 00:00;;;;;;;;;;;;;;;;;;34.2;;;;;;;;;;;
ILZ;01.02.1924 00:00;;;;;;;;;;;;;;;;;;52.9;;;;;;;;;;;
ILZ;01.03.1924 00:00;;;;;;;;;;;;;;;;;;6.5;;;;;;;;;;;
ILZ;01.04.1924 00:00;;;;;;;;;;;;;;;;;;67.6;;;;;;;;;;;
ILZ;01.05.1924 00:00;;;;;;;;;;;;;;;;;;198.2;;;;;;;;;;;
ILZ;01.06.1924 00:00;;;;;;;;;;;;;;;;;;105.3;;;;;;;;;;;
ILZ;01.07.1924 00:00;;;;;;;;;;;;;;;;;;99.9;;;;;;;;;;;
ILZ;01.08.1924 00:00;;;;;;;;;;;;;;;;;;154.7;;;;;;;;;;;
ILZ;01.09.1924 00:00;;;;;;;;;;;;;;;;;;124.5;;;;;;;;;;;
ILZ;01.10.1924 00:00;;;;;;;;;;;;;;;;;;50.3;;;;;;;;;;;
ILZ;01.11.1924 00:00;;;;;;;;;;;;;;;;;;6.9;;;;;;;;;;;
ILZ;01.12.1924 00:00;;;;;;;;;;;;;;;;;;41.9;;;;;;;;;;;
ILZ;01.01.1925 00:00;;;;;;;;;;;;;;;;;;16;;;;;;;;;;;
ILZ;01.02.1925 00:00;;;;;;;;;;;;;;;;;;160.6;;;;;;;;;;;
ILZ;01.03.1925 00:00;;;;;;;;;;;;;;;;;;20.1;;;;;;;;;;;
ILZ;01.04.1925 00:00;;;;;;;;;;;;;;;;;;57.2;;;;;;;;;;;
ILZ;01.05.1925 00:00;;;;;;;;;;;;;;;;;;40.6;;;;;;;;;;;
ILZ;01.06.1925 00:00;;;;;;;;;;;;;;;;;;12.3;;;;;;;;;;;
ILZ;01.07.1925 00:00;;;;;;;;;;;;;;;;;;73.9;;;;;;;;;;;
ILZ;01.08.1925 00:00;;;;;;;;;;;;;;;;;;141.6;;;;;;;;;;;
ILZ;01.09.1925 00:00;;;;;;;;;;;;;;;;;;94;;;;;;;;;;;
ILZ;01.10.1925 00:00;;;;;;;;;;;;;;;;;;61.1;;;;;;;;;;;
ILZ;01.11.1925 00:00;;;;;;;;;;;;;;;;;;42.7;;;;;;;;;;;
ILZ;01.12.1925 00:00;;;;;;;;;;;;;;;;;;89.5;;;;;;;;;;;
ILZ;01.01.1926 00:00;;;;;;;;;;;;;;;;;;60;;;;;;;;;;;
ILZ;01.02.1926 00:00;;;;;;;;;;;;;;;;;;63.3;;;;;;;;;;;
ILZ;01.03.1926 00:00;;;;;;;;;;;;;;;;;;93.3;;;;;;;;;;;
ILZ;01.04.1926 00:00;;;;;;;;;;;;;;;;;;80.3;;;;;;;;;;;
ILZ;01.05.1926 00:00;;;;;;;;;;;;;;;;;;160.8;;;;;;;;;;;
ILZ;01.06.1926 00:00;;;;;;;;;;;;;;;;;;126.9;;;;;;;;;;;
ILZ;01.07.1926 00:00;;;;;;;;;;;;;;;;;;88.8;;;;;;;;;;;
ILZ;01.08.1926 00:00;;;;;;;;;;;;;;;;;;27.5;;;;;;;;;;;
ILZ;01.09.1926 00:00;;;;;;;;;;;;;;;;;;29.8;;;;;;;;;;;
ILZ;01.10.1926 00:00;;;;;;;;;;;;;;;;;;112.1;;;;;;;;;;;
ILZ;01.11.1926 00:00;;;;;;;;;;;;;;;;;;166.5;;;;;;;;;;;
ILZ;01.12.1926 00:00;;;;;;;;;;;;;;;;;;57.8;;;;;;;;;;;
ILZ;01.01.1927 00:00;;;;;;;;;;;;;;;;;;87.7;;;;;;;;;;;
ILZ;01.02.1927 00:00;;;;;;;;;;;;;;;;;;27.9;;;;;;;;;;;
ILZ;01.03.1927 00:00;;;;;;;;;;;;;;;;;;114.6;;;;;;;;;;;
ILZ;01.04.1927 00:00;;;;;;;;;;;;;;;;;;111.1;;;;;;;;;;;
ILZ;01.05.1927 00:00;;;;;;;;;;;;;;;;;;9.1;;;;;;;;;;;
ILZ;01.06.1927 00:00;;;;;;;;;;;;;;;;;;160.4;;;;;;;;;;;
ILZ;01.07.1927 00:00;;;;;;;;;;;;;;;;;;182.3;;;;;;;;;;;
ILZ;01.08.1927 00:00;;;;;;;;;;;;;;;;;;165.9;;;;;;;;;;;
ILZ;01.09.1927 00:00;;;;;;;;;;;;;;;;;;206.1;;;;;;;;;;;
ILZ;01.10.1927 00:00;;;;;;;;;;;;;;;;;;29.1;;;;;;;;;;;
ILZ;01.11.1927 00:00;;;;;;;;;;;;;;;;;;65.6;;;;;;;;;;;
ILZ;01.12.1927 00:00;;;;;;;;;;;;;;;;;;16;;;;;;;;;;;
ILZ;01.01.1928 00:00;;;;;;;;;;;;;;;;;;44.5;;;;;;;;;;;
ILZ;01.02.1928 00:00;;;;;;;;;;;;;;;;;;95;;;;;;;;;;;
ILZ;01.03.1928 00:00;;;;;;;;;;;;;;;;;;44.3;;;;;;;;;;;
ILZ;01.04.1928 00:00;;;;;;;;;;;;;;;;;;115.3;;;;;;;;;;;
ILZ;01.05.1928 00:00;;;;;;;;;;;;;;;;;;155.7;;;;;;;;;;;
ILZ;01.06.1928 00:00;;;;;;;;;;;;;;;;;;75.7;;;;;;;;;;;
ILZ;01.07.1928 00:00;;;;;;;;;;;;;;;;;;27.5;;;;;;;;;;;
ILZ;01.08.1928 00:00;;;;;;;;;;;;;;;;;;169.6;;;;;;;;;;;
ILZ;01.09.1928 00:00;;;;;;;;;;;;;;;;;;41.3;;;;;;;;;;;
ILZ;01.10.1928 00:00;;;;;;;;;;;;;;;;;;199.5;;;;;;;;;;;
ILZ;01.11.1928 00:00;;;;;;;;;;;;;;;;;;149.5;;;;;;;;;;;
ILZ;01.12.1928 00:00;;;;;;;;;;;;;;;;;;57.5;;;;;;;;;;;
ILZ;01.01.1929 00:00;;;;;;;;;;;;;;;;;;19.7;;;;;;;;;;;
ILZ;01.02.1929 00:00;;;;;;;;;;;;;;;;;;5;;;;;;;;;;;
ILZ;01.03.1929 00:00;;;;;;;;;;;;;;;;;;7.7;;;;;;;;;;;
ILZ;01.04.1929 00:00;;;;;;;;;;;;;;;;;;120.8;;;;;;;;;;;
ILZ;01.05.1929 00:00;;;;;;;;;;;;;;;;;;29.4;;;;;;;;;;;
ILZ;01.06.1929 00:00;;;;;;;;;;;;;;;;;;67.9;;;;;;;;;;;
ILZ;01.07.1929 00:00;;;;;;;;;;;;;;;;;;95;;;;;;;;;;;
ILZ;01.08.1929 00:00;;;;;;;;;;;;;;;;;;138.3;;;;;;;;;;;
ILZ;01.09.1929 00:00;;;;;;;;;;;;;;;;;;9;;;;;;;;;;;
ILZ;01.10.1929 00:00;;;;;;;;;;;;;;;;;;97.3;;;;;;;;;;;
ILZ;01.11.1929 00:00;;;;;;;;;;;;;;;;;;48.3;;;;;;;;;;;
ILZ;01.12.1929 00:00;;;;;;;;;;;;;;;;;;88.2;;;;;;;;;;;
ILZ;01.01.1930 00:00;;;;;;;;;;;;;;;;;;15.2;;;;;;;;;;;
ILZ;01.02.1930 00:00;;;;;;;;;;;;;;;;;;4.7;;;;;;;;;;;
ILZ;01.03.1930 00:00;;;;;;;;;;;;;;;;;;42.5;;;;;;;;;;;
ILZ;01.04.1930 00:00;;;;;;;;;;;;;;;;;;73.7;;;;;;;;;;;
ILZ;01.05.1930 00:00;;;;;;;;;;;;;;;;;;93.5;;;;;;;;;;;
ILZ;01.06.1930 00:00;;;;;;;;;;;;;;;;;;45.6;;;;;;;;;;;
ILZ;01.07.1930 00:00;;;;;;;;;;;;;;;;;;114.8;;;;;;;;;;;
ILZ;01.08.1930 00:00;;;;;;;;;;;;;;;;;;127.2;;;;;;;;;;;
ILZ;01.09.1930 00:00;;;;;;;;;;;;;;;;;;160.4;;;;;;;;;;;
ILZ;01.10.1930 00:00;;;;;;;;;;;;;;;;;;86.2;;;;;;;;;;;
ILZ;01.11.1930 00:00;;;;;;;;;;;;;;;;;;67.9;;;;;;;;;;;
ILZ;01.12.1930 00:00;;;;;;;;;;;;;;;;;;38;;;;;;;;;;;
ILZ;01.01.1931 00:00;;;;;;;;;;;;;;;;;;132.9;;;;;;;;;;;
ILZ;01.02.1931 00:00;;;;;;;;;;;;;;;;;;100.1;;;;;;;;;;;
ILZ;01.03.1931 00:00;;;;;;;;;;;;;;;;;;84.4;;;;;;;;;;;
ILZ;01.04.1931 00:00;;;;;;;;;;;;;;;;;;47.1;;;;;;;;;;;
ILZ;01.05.1931 00:00;;;;;;;;;;;;;;;;;;72.7;;;;;;;;;;;
ILZ;01.06.1931 00:00;;;;;;;;;;;;;;;;;;77.1;;;;;;;;;;;
ILZ;01.07.1931 00:00;;;;;;;;;;;;;;;;;;129.6;;;;;;;;;;;
ILZ;01.08.1931 00:00;;;;;;;;;;;;;;;;;;176.3;;;;;;;;;;;
ILZ;01.09.1931 00:00;;;;;;;;;;;;;;;;;;77.2;;;;;;;;;;;
ILZ;01.10.1931 00:00;;;;;;;;;;;;;;;;;;43.5;;;;;;;;;;;
ILZ;01.11.1931 00:00;;;;;;;;;;;;;;;;;;42;;;;;;;;;;;
ILZ;01.12.1931 00:00;;;;;;;;;;;;;;;;;;38;;;;;;;;;;;
ILZ;01.01.1932 00:00;;;;;;;;;;;;;;;;;;71.7;;;;;;;;;;;
ILZ;01.02.1932 00:00;;;;;;;;;;;;;;;;;;2.9;;;;;;;;;;;
ILZ;01.03.1932 00:00;;;;;;;;;;;;;;;;;;34.3;;;;;;;;;;;
ILZ;01.04.1932 00:00;;;;;;;;;;;;;;;;;;82.5;;;;;;;;;;;
ILZ;01.05.1932 00:00;;;;;;;;;;;;;;;;;;183;;;;;;;;;;;
ILZ;01.06.1932 00:00;;;;;;;;;;;;;;;;;;43.2;;;;;;;;;;;
ILZ;01.07.1932 00:00;;;;;;;;;;;;;;;;;;122.9;;;;;;;;;;;
ILZ;01.08.1932 00:00;;;;;;;;;;;;;;;;;;72.6;;;;;;;;;;;
ILZ;01.09.1932 00:00;;;;;;;;;;;;;;;;;;96.4;;;;;;;;;;;
ILZ;01.10.1932 00:00;;;;;;;;;;;;;;;;;;89.2;;;;;;;;;;;
ILZ;01.11.1932 00:00;;;;;;;;;;;;;;;;;;46.5;;;;;;;;;;;
ILZ;01.12.1932 00:00;;;;;;;;;;;;;;;;;;2.5;;;;;;;;;;;
ILZ;01.01.1933 00:00;;;;;;;;;;;;;;;;;;24.1;;;;;;;;;;;
ILZ;01.02.1933 00:00;;;;;;;;;;;;;;;;;;50.3;;;;;;;;;;;
ILZ;01.03.1933 00:00;;;;;;;;;;;;;;;;;;30.4;;;;;;;;;;;
ILZ;01.04.1933 00:00;;;;;;;;;;;;;;;;;;43.1;;;;;;;;;;;
ILZ;01.05.1933 00:00;;;;;;;;;;;;;;;;;;156.3;;;;;;;;;;;
ILZ;01.06.1933 00:00;;;;;;;;;;;;;;;;;;186.9;;;;;;;;;;;
ILZ;01.07.1933 00:00;;;;;;;;;;;;;;;;;;136.6;;;;;;;;;;;
ILZ;01.08.1933 00:00;;;;;;;;;;;;;;;;;;38.1;;;;;;;;;;;
ILZ;01.09.1933 00:00;;;;;;;;;;;;;;;;;;107.5;;;;;;;;;;;
ILZ;01.10.1933 00:00;;;;;;;;;;;;;;;;;;114.3;;;;;;;;;;;
ILZ;01.11.1933 00:00;;;;;;;;;;;;;;;;;;70.9;;;;;;;;;;;
ILZ;01.12.1933 00:00;;;;;;;;;;;;;;;;;;9.8;;;;;;;;;;;
ILZ;01.01.1934 00:00;;;;;;;;;;;;;;;;;;30.9;;;;;;;;;;;
ILZ;01.02.1934 00:00;;;;;;;;;;;;;;;;;;14.2;;;;;;;;;;;
ILZ;01.03.1934 00:00;;;;;;;;;;;;;;;;;;53.9;;;;;;;;;;;
ILZ;01.04.1934 00:00;;;;;;;;;;;;;;;;;;73.3;;;;;;;;;;;
ILZ;01.05.1934 00:00;;;;;;;;;;;;;;;;;;23.5;;;;;;;;;;;
ILZ;01.06.1934 00:00;;;;;;;;;;;;;;;;;;119.3;;;;;;;;;;;
ILZ;01.07.1934 00:00;;;;;;;;;;;;;;;;;;74.7;;;;;;;;;;;
ILZ;01.08.1934 00:00;;;;;;;;;;;;;;;;;;245.7;;;;;;;;;;;
ILZ;01.09.1934 00:00;;;;;;;;;;;;;;;;;;65;;;;;;;;;;;
ILZ;01.10.1934 00:00;;;;;;;;;;;;;;;;;;66.9;;;;;;;;;;;
ILZ;01.11.1934 00:00;;;;;;;;;;;;;;;;;;87.4;;;;;;;;;;;
ILZ;01.12.1934 00:00;;;;;;;;;;;;;;;;;;42.1;;;;;;;;;;;
ILZ;01.01.1935 00:00;;;;;;;;;;;;;;;;;;62.6;;;;;;;;;;;
ILZ;01.02.1935 00:00;;;;;;;;;;;;;;;;;;221.8;;;;;;;;;;;
ILZ;01.03.1935 00:00;;;;;;;;;;;;;;;;;;51.5;;;;;;;;;;;
ILZ;01.04.1935 00:00;;;;;;;;;;;;;;;;;;101.8;;;;;;;;;;;
ILZ;01.05.1935 00:00;;;;;;;;;;;;;;;;;;71.8;;;;;;;;;;;
ILZ;01.06.1935 00:00;;;;;;;;;;;;;;;;;;64.5;;;;;;;;;;;
ILZ;01.07.1935 00:00;;;;;;;;;;;;;;;;;;57.6;;;;;;;;;;;
ILZ;01.08.1935 00:00;;;;;;;;;;;;;;;;;;159.7;;;;;;;;;;;
ILZ;01.09.1935 00:00;;;;;;;;;;;;;;;;;;56.3;;;;;;;;;;;
ILZ;01.10.1935 00:00;;;;;;;;;;;;;;;;;;266.4;;;;;;;;;;;
ILZ;01.11.1935 00:00;;;;;;;;;;;;;;;;;;117.6;;;;;;;;;;;
ILZ;01.12.1935 00:00;;;;;;;;;;;;;;;;;;137.5;;;;;;;;;;;
ILZ;01.01.1936 00:00;;;;;;;;;;;;;;;;;;47.7;;;;;;;;;;;
ILZ;01.02.1936 00:00;;;;;;;;;;;;;;;;;;43.6;;;;;;;;;;;
ILZ;01.03.1936 00:00;;;;;;;;;;;;;;;;;;31.3;;;;;;;;;;;
ILZ;01.04.1936 00:00;;;;;;;;;;;;;;;;;;58;;;;;;;;;;;
ILZ;01.05.1936 00:00;;;;;;;;;;;;;;;;;;50.5;;;;;;;;;;;
ILZ;01.06.1936 00:00;;;;;;;;;;;;;;;;;;76.6;;;;;;;;;;;
ILZ;01.07.1936 00:00;;;;;;;;;;;;;;;;;;276.5;;;;;;;;;;;
ILZ;01.08.1936 00:00;;;;;;;;;;;;;;;;;;53.6;;;;;;;;;;;
ILZ;01.09.1936 00:00;;;;;;;;;;;;;;;;;;69.3;;;;;;;;;;;
ILZ;01.10.1936 00:00;;;;;;;;;;;;;;;;;;41.8;;;;;;;;;;;
ILZ;01.11.1936 00:00;;;;;;;;;;;;;;;;;;22.5;;;;;;;;;;;
ILZ;01.12.1936 00:00;;;;;;;;;;;;;;;;;;111.1;;;;;;;;;;;
ILZ;01.01.1937 00:00;;;;;;;;;;;;;;;;;;43.6;;;;;;;;;;;
ILZ;01.02.1937 00:00;;;;;;;;;;;;;;;;;;167.8;;;;;;;;;;;
ILZ;01.03.1937 00:00;;;;;;;;;;;;;;;;;;125.6;;;;;;;;;;;
ILZ;01.04.1937 00:00;;;;;;;;;;;;;;;;;;47.7;;;;;;;;;;;
ILZ;01.05.1937 00:00;;;;;;;;;;;;;;;;;;80.5;;;;;;;;;;;
ILZ;01.06.1937 00:00;;;;;;;;;;;;;;;;;;41;;;;;;;;;;;
ILZ;01.07.1937 00:00;;;;;;;;;;;;;;;;;;110.7;;;;;;;;;;;
ILZ;01.08.1937 00:00;;;;;;;;;;;;;;;;;;65.1;;;;;;;;;;;
ILZ;01.09.1937 00:00;;;;;;;;;;;;;;;;;;129.3;;;;;;;;;;;
ILZ;01.10.1937 00:00;;;;;;;;;;;;;;;;;;82.5;;;;;;;;;;;
ILZ;01.11.1937 00:00;;;;;;;;;;;;;;;;;;15;;;;;;;;;;;
ILZ;01.12.1937 00:00;;;;;;;;;;;;;;;;;;59.7;;;;;;;;;;;
ILZ;01.01.1938 00:00;;;;;;;;;;;;;;;;;;103;;;;;;;;;;;
ILZ;01.02.1938 00:00;;;;;;;;;;;;;;;;;;35.2;;;;;;;;;;;
ILZ;01.03.1938 00:00;;;;;;;;;;;;;;;;;;30.8;;;;;;;;;;;
ILZ;01.04.1938 00:00;;;;;;;;;;;;;;;;;;19.8;;;;;;;;;;;
ILZ;01.05.1938 00:00;;;;;;;;;;;;;;;;;;71.6;;;;;;;;;;;
ILZ;01.06.1938 00:00;;;;;;;;;;;;;;;;;;119.5;;;;;;;;;;;
ILZ;01.07.1938 00:00;;;;;;;;;;;;;;;;;;147;;;;;;;;;;;
ILZ;01.08.1938 00:00;;;;;;;;;;;;;;;;;;81.7;;;;;;;;;;;
ILZ;01.09.1938 00:00;;;;;;;;;;;;;;;;;;24.1;;;;;;;;;;;
ILZ;01.10.1938 00:00;;;;;;;;;;;;;;;;;;71.1;;;;;;;;;;;
ILZ;01.11.1938 00:00;;;;;;;;;;;;;;;;;;33.8;;;;;;;;;;;
ILZ;01.12.1938 00:00;;;;;;;;;;;;;;;;;;49;;;;;;;;;;;
ILZ;01.01.1939 00:00;;;;;;;;;;;;;;;;;;59.2;;;;;;;;;;;
ILZ;01.02.1939 00:00;;;;;;;;;;;;;;;;;;5.9;;;;;;;;;;;
ILZ;01.03.1939 00:00;;;;;;;;;;;;;;;;;;109.4;;;;;;;;;;;
ILZ;01.04.1939 00:00;;;;;;;;;;;;;;;;;;82.2;;;;;;;;;;;
ILZ;01.05.1939 00:00;;;;;;;;;;;;;;;;;;92.5;;;;;;;;;;;
ILZ;01.06.1939 00:00;;;;;;;;;;;;;;;;;;99.5;;;;;;;;;;;
ILZ;01.07.1939 00:00;;;;;;;;;;;;;;;;;;185.1;;;;;;;;;;;
ILZ;01.08.1939 00:00;;;;;;;;;;;;;;;;;;106.5;;;;;;;;;;;
ILZ;01.09.1939 00:00;;;;;;;;;;;;;;;;;;79.2;;;;;;;;;;;
ILZ;01.10.1939 00:00;;;;;;;;;;;;;;;;;;106.1;;;;;;;;;;;
ILZ;01.11.1939 00:00;;;;;;;;;;;;;;;;;;173.3;;;;;;;;;;;
ILZ;01.12.1939 00:00;;;;;;;;;;;;;;;;;;35.8;;;;;;;;;;;
ILZ;01.01.1940 00:00;;;;;;;;;;;;;;;;;;69;;;;;;;;;;;
ILZ;01.02.1940 00:00;;;;;;;;;;;;;;;;;;61.5;;;;;;;;;;;
ILZ;01.03.1940 00:00;;;;;;;;;;;;;;;;;;60.2;;;;;;;;;;;
ILZ;01.04.1940 00:00;;;;;;;;;;;;;;;;;;69.5;;;;;;;;;;;
ILZ;01.05.1940 00:00;;;;;;;;;;;;;;;;;;77.8;;;;;;;;;;;
ILZ;01.06.1940 00:00;;;;;;;;;;;;;;;;;;91.1;;;;;;;;;;;
ILZ;01.07.1940 00:00;;;;;;;;;;;;;;;;;;208.5;;;;;;;;;;;
ILZ;01.08.1940 00:00;;;;;;;;;;;;;;;;;;62.1;;;;;;;;;;;
ILZ;01.09.1940 00:00;;;;;;;;;;;;;;;;;;111.6;;;;;;;;;;;
ILZ;01.10.1940 00:00;;;;;;;;;;;;;;;;;;34.6;;;;;;;;;;;
ILZ;01.11.1940 00:00;;;;;;;;;;;;;;;;;;139;;;;;;;;;;;
ILZ;01.12.1940 00:00;;;;;;;;;;;;;;;;;;95.3;;;;;;;;;;;
ILZ;01.01.1941 00:00;;;;;;;;;;;;;;;;;;36.5;;;;;;;;;;;
ILZ;01.02.1941 00:00;;;;;;;;;;;;;;;;;;33;;;;;;;;;;;
ILZ;01.03.1941 00:00;;;;;;;;;;;;;;;;;;58.8;;;;;;;;;;;
ILZ;01.04.1941 00:00;;;;;;;;;;;;;;;;;;95.7;;;;;;;;;;;
ILZ;01.05.1941 00:00;;;;;;;;;;;;;;;;;;109;;;;;;;;;;;
ILZ;01.06.1941 00:00;;;;;;;;;;;;;;;;;;46.9;;;;;;;;;;;
ILZ;01.07.1941 00:00;;;;;;;;;;;;;;;;;;72.9;;;;;;;;;;;
ILZ;01.08.1941 00:00;;;;;;;;;;;;;;;;;;137;;;;;;;;;;;
ILZ;01.09.1941 00:00;;;;;;;;;;;;;;;;;;22;;;;;;;;;;;
ILZ;01.10.1941 00:00;;;;;;;;;;;;;;;;;;56.5;;;;;;;;;;;
ILZ;01.11.1941 00:00;;;;;;;;;;;;;;;;;;55.9;;;;;;;;;;;
ILZ;01.12.1941 00:00;;;;;;;;;;;;;;;;;;29.3;;;;;;;;;;;
ILZ;01.01.1942 00:00;;;;;;;;;;;;;;;;;;72.1;;;;;;;;;;;
ILZ;01.02.1942 00:00;;;;;;;;;;;;;;;;;;16.4;;;;;;;;;;;
ILZ;01.03.1942 00:00;;;;;;;;;;;;;;;;;;56.8;;;;;;;;;;;
ILZ;01.04.1942 00:00;;;;;;;;;;;;;;;;;;24;;;;;;;;;;;
ILZ;01.05.1942 00:00;;;;;;;;;;;;;;;;;;73.1;;;;;;;;;;;
ILZ;01.06.1942 00:00;;;;;;;;;;;;;;;;;;94.2;;;;;;;;;;;
ILZ;01.07.1942 00:00;;;;;;;;;;;;;;;;;;82.8;;;;;;;;;;;
ILZ;01.08.1942 00:00;;;;;;;;;;;;;;;;;;106.6;;;;;;;;;;;
ILZ;01.09.1942 00:00;;;;;;;;;;;;;;;;;;114.9;;;;;;;;;;;
ILZ;01.10.1942 00:00;;;;;;;;;;;;;;;;;;85.7;;;;;;;;;;;
ILZ;01.11.1942 00:00;;;;;;;;;;;;;;;;;;25.8;;;;;;;;;;;
ILZ;01.12.1942 00:00;;;;;;;;;;;;;;;;;;23.9;;;;;;;;;;;
ILZ;01.01.1943 00:00;;;;;;;;;;;;;;;;;;68.1;;;;;;;;;;;
ILZ;01.02.1943 00:00;;;;;;;;;;;;;;;;;;16.2;;;;;;;;;;;
ILZ;01.03.1943 00:00;;;;;;;;;;;;;;;;;;32.3;;;;;;;;;;;
ILZ;01.04.1943 00:00;;;;;;;;;;;;;;;;;;95.5;;;;;;;;;;;
ILZ;01.05.1943 00:00;;;;;;;;;;;;;;;;;;93.8;;;;;;;;;;;
ILZ;01.06.1943 00:00;;;;;;;;;;;;;;;;;;95;;;;;;;;;;;
ILZ;01.07.1943 00:00;;;;;;;;;;;;;;;;;;65.1;;;;;;;;;;;
ILZ;01.08.1943 00:00;;;;;;;;;;;;;;;;;;38.8;;;;;;;;;;;
ILZ;01.09.1943 00:00;;;;;;;;;;;;;;;;;;199;;;;;;;;;;;
ILZ;01.10.1943 00:00;;;;;;;;;;;;;;;;;;0.3;;;;;;;;;;;
ILZ;01.11.1943 00:00;;;;;;;;;;;;;;;;;;45.2;;;;;;;;;;;
ILZ;01.12.1943 00:00;;;;;;;;;;;;;;;;;;17.8;;;;;;;;;;;
ILZ;01.01.1944 00:00;;;;;;;;;;;;;;;;;;46.3;;;;;;;;;;;
ILZ;01.02.1944 00:00;;;;;;;;;;;;;;;;;;84.5;;;;;;;;;;;
ILZ;01.03.1944 00:00;;;;;;;;;;;;;;;;;;73.7;;;;;;;;;;;
ILZ;01.04.1944 00:00;;;;;;;;;;;;;;;;;;10.6;;;;;;;;;;;
ILZ;01.05.1944 00:00;;;;;;;;;;;;;;;;;;33.6;;;;;;;;;;;
ILZ;01.06.1944 00:00;;;;;;;;;;;;;;;;;;44.4;;;;;;;;;;;
ILZ;01.07.1944 00:00;;;;;;;;;;;;;;;;;;95.5;;;;;;;;;;;
ILZ;01.08.1944 00:00;;;;;;;;;;;;;;;;;;67.2;;;;;;;;;;;
ILZ;01.09.1944 00:00;;;;;;;;;;;;;;;;;;111.4;;;;;;;;;;;
ILZ;01.10.1944 00:00;;;;;;;;;;;;;;;;;;69.1;;;;;;;;;;;
ILZ;01.11.1944 00:00;;;;;;;;;;;;;;;;;;185.5;;;;;;;;;;;
ILZ;01.12.1944 00:00;;;;;;;;;;;;;;;;;;60.7;;;;;;;;;;;
ILZ;01.01.1945 00:00;;;;;;;;;;;;;;;;;;30;;;;;;;;;;;
ILZ;01.02.1945 00:00;;;;;;;;;;;;;;;;;;77.6;;;;;;;;;;;
ILZ;01.03.1945 00:00;;;;;;;;;;;;;;;;;;133.4;;;;;;;;;;;
ILZ;01.04.1945 00:00;;;;;;;;;;;;;;;;;;59.8;;;;;;;;;;;
ILZ;01.05.1945 00:00;;;;;;;;;;;;;;;;;;117;;;;;;;;;;;
ILZ;01.06.1945 00:00;;;;;;;;;;;;;;;;;;46.1;;;;;;;;;;;
ILZ;01.07.1945 00:00;;;;;;;;;;;;;;;;;;44.1;;;;;;;;;;;
ILZ;01.08.1945 00:00;;;;;;;;;;;;;;;;;;176.3;;;;;;;;;;;
ILZ;01.09.1945 00:00;;;;;;;;;;;;;;;;;;94.6;;;;;;;;;;;
ILZ;01.10.1945 00:00;;;;;;;;;;;;;;;;;;125.3;;;;;;;;;;;
ILZ;01.11.1945 00:00;;;;;;;;;;;;;;;;;;34.9;;;;;;;;;;;
ILZ;01.12.1945 00:00;;;;;;;;;;;;;;;;;;103.8;;;;;;;;;;;
ILZ;01.01.1946 00:00;;;;;;;;;;;;;;;;;;43.7;;;;;;;;;;;
ILZ;01.02.1946 00:00;;;;;;;;;;;;;;;;;;152.9;;;;;;;;;;;
ILZ;01.03.1946 00:00;;;;;;;;;;;;;;;;;;23.5;;;;;;;;;;;
ILZ;01.04.1946 00:00;;;;;;;;;;;;;;;;;;12.7;;;;;;;;;;;
ILZ;01.05.1946 00:00;;;;;;;;;;;;;;;;;;102.1;;;;;;;;;;;
ILZ;01.06.1946 00:00;;;;;;;;;;;;;;;;;;160.7;;;;;;;;;;;
ILZ;01.07.1946 00:00;;;;;;;;;;;;;;;;;;102.7;;;;;;;;;;;
ILZ;01.08.1946 00:00;;;;;;;;;;;;;;;;;;119.9;;;;;;;;;;;
ILZ;01.09.1946 00:00;;;;;;;;;;;;;;;;;;51.4;;;;;;;;;;;
ILZ;01.10.1946 00:00;;;;;;;;;;;;;;;;;;37.8;;;;;;;;;;;
ILZ;01.11.1946 00:00;;;;;;;;;;;;;;;;;;36.9;;;;;;;;;;;
ILZ;01.12.1946 00:00;;;;;;;;;;;;;;;;;;23.2;;;;;;;;;;;
ILZ;01.01.1947 00:00;;;;;;;;;;;;;;;;;;48.2;;;;;;;;;;;
ILZ;01.02.1947 00:00;;;;;;;;;;;;;;;;;;31.1;;;;;;;;;;;
ILZ;01.03.1947 00:00;;;;;;;;;;;;;;;;;;125.8;;;;;;;;;;;
ILZ;01.04.1947 00:00;;;;;;;;;;;;;;;;;;31.4;;;;;;;;;;;
ILZ;01.05.1947 00:00;;;;;;;;;;;;;;;;;;92.3;;;;;;;;;;;
ILZ;01.06.1947 00:00;;;;;;;;;;;;;;;;;;100.7;;;;;;;;;;;
ILZ;01.07.1947 00:00;;;;;;;;;;;;;;;;;;110.6;;;;;;;;;;;
ILZ;01.08.1947 00:00;;;;;;;;;;;;;;;;;;94.4;;;;;;;;;;;
ILZ;01.09.1947 00:00;;;;;;;;;;;;;;;;;;49.1;;;;;;;;;;;
ILZ;01.10.1947 00:00;;;;;;;;;;;;;;;;;;7.5;;;;;;;;;;;
ILZ;01.11.1947 00:00;;;;;;;;;;;;;;;;;;182.8;;;;;;;;;;;
ILZ;01.12.1947 00:00;;;;;;;;;;;;;;;;;;97.4;;;;;;;;;;;
ILZ;01.01.1948 00:00;;;;;;;;;;;;;;;;;;98.6;;;;;;;;;;;
ILZ;01.02.1948 00:00;;;;;;;;;;;;;;;;;;107;;;;;;;;;;;
ILZ;01.03.1948 00:00;;;;;;;;;;;;;;;;;;38.6;;;;;;;;;;;
ILZ;01.04.1948 00:00;;;;;;;;;;;;;;;;;;58.9;;;;;;;;;;;
ILZ;01.05.1948 00:00;;;;;;;;;;;;;;;;;;31.5;;;;;;;;;;;
ILZ;01.06.1948 00:00;;;;;;;;;;;;;;;;;;130.9;;;;;;;;;;;
ILZ;01.07.1948 00:00;;;;;;;;;;;;;;;;;;96.5;;;;;;;;;;;
ILZ;01.08.1948 00:00;;;;;;;;;;;;;;;;;;120.2;;;;;;;;;;;
ILZ;01.09.1948 00:00;;;;;;;;;;;;;;;;;;73.1;;;;;;;;;;;
ILZ;01.10.1948 00:00;;;;;;;;;;;;;;;;;;62.7;;;;;;;;;;;
ILZ;01.11.1948 00:00;;;;;;;;;;;;;;;;;;10.9;;;;;;;;;;;
ILZ;01.12.1948 00:00;;;;;;;;;;;;;;;;;;10.9;;;;;;;;;;;
ILZ;01.01.1949 00:00;;;;;;;;;;;;;;;;;;106.2;;;;;;;;;;;
ILZ;01.02.1949 00:00;;;;;;;;;;;;;;;;;;14.3;;;;;;;;;;;
ILZ;01.03.1949 00:00;;;;;;;;;;;;;;;;;;48.7;;;;;;;;;;;
ILZ;01.04.1949 00:00;;;;;;;;;;;;;;;;;;104.1;;;;;;;;;;;
ILZ;01.05.1949 00:00;;;;;;;;;;;;;;;;;;44;;;;;;;;;;;
ILZ;01.06.1949 00:00;;;;;;;;;;;;;;;;;;52.4;;;;;;;;;;;
ILZ;01.07.1949 00:00;;;;;;;;;;;;;;;;;;62;;;;;;;;;;;
ILZ;01.08.1949 00:00;;;;;;;;;;;;;;;;;;52;;;;;;;;;;;
ILZ;01.09.1949 00:00;;;;;;;;;;;;;;;;;;46.2;;;;;;;;;;;
ILZ;01.10.1949 00:00;;;;;;;;;;;;;;;;;;57.6;;;;;;;;;;;
ILZ;01.11.1949 00:00;;;;;;;;;;;;;;;;;;52;;;;;;;;;;;
ILZ;01.12.1949 00:00;;;;;;;;;;;;;;;;;;66.1;;;;;;;;;;;
ILZ;01.01.1950 00:00;;;;;;;;;;;;;;;;;;105.2;;;;;;;;;;;
ILZ;01.02.1950 00:00;;;;;;;;;;;;;;;;;;96.2;;;;;;;;;;;
ILZ;01.03.1950 00:00;;;;;;;;;;;;;;;;;;16.8;;;;;;;;;;;
ILZ;01.04.1950 00:00;;;;;;;;;;;;;;;;;;90.1;;;;;;;;;;;
ILZ;01.05.1950 00:00;;;;;;;;;;;;;;;;;;58;;;;;;;;;;;
ILZ;01.06.1950 00:00;;;;;;;;;;;;;;;;;;51.1;;;;;;;;;;;
ILZ;01.07.1950 00:00;;;;;;;;;;;;;;;;;;59.5;;;;;;;;;;;
ILZ;01.08.1950 00:00;;;;;;;;;;;;;;;;;;90.8;;;;;;;;;;;
ILZ;01.09.1950 00:00;;;;;;;;;;;;;;;;;;83.7;;;;;;;;;;;
ILZ;01.10.1950 00:00;;;;;;;;;;;;;;;;;;2.8;;;;;;;;;;;
ILZ;01.11.1950 00:00;;;;;;;;;;;;;;;;;;236.8;;;;;;;;;;;
ILZ;01.12.1950 00:00;;;;;;;;;;;;;;;;;;34.1;;;;;;;;;;;
ILZ;01.01.1951 00:00;;;;;;;;;;;;;;;;;;168;;;;;;;;;;;
ILZ;01.02.1951 00:00;;;;;;;;;;;;;;;;;;158.9;;;;;;;;;;;
ILZ;01.03.1951 00:00;;;;;;;;;;;;;;;;;;61.4;;;;;;;;;;;
ILZ;01.04.1951 00:00;;;;;;;;;;;;;;;;;;72;;;;;;;;;;;
ILZ;01.05.1951 00:00;;;;;;;;;;;;;;;;;;38.1;;;;;;;;;;;
ILZ;01.06.1951 00:00;;;;;;;;;;;;;;;;;;108.6;;;;;;;;;;;
ILZ;01.07.1951 00:00;;;;;;;;;;;;;;;;;;57.5;;;;;;;;;;;
ILZ;01.08.1951 00:00;;;;;;;;;;;;;;;;;;135.4;;;;;;;;;;;
ILZ;01.09.1951 00:00;;;;;;;;;;;;;;;;;;51.2;;;;;;;;;;;
ILZ;01.10.1951 00:00;;;;;;;;;;;;;;;;;;25.3;;;;;;;;;;;
ILZ;01.11.1951 00:00;;;;;;;;;;;;;;;;;;157.9;;;;;;;;;;;
ILZ;01.12.1951 00:00;;;;;;;;;;;;;;;;;;10.2;;;;;;;;;;;
ILZ;01.01.1952 00:00;;;;;;;;;;;;;;;;;;65.9;;;;;;;;;;;
ILZ;01.02.1952 00:00;;;;;;;;;;;;;;;;;;81.5;;;;;;;;;;;
ILZ;01.03.1952 00:00;;;;;;;;;;;;;;;;;;73.7;;;;;;;;;;;
ILZ;01.04.1952 00:00;;;;;;;;;;;;;;;;;;47.5;;;;;;;;;;;
ILZ;01.05.1952 00:00;;;;;;;;;;;;;;;;;;54.1;;;;;;;;;;;
ILZ;01.06.1952 00:00;;;;;;;;;;;;;;;;;;64.2;;;;;;;;;;;
ILZ;01.07.1952 00:00;;;;;;;;;;;;;;;;;;53.9;;;;;;;;;;;
ILZ;01.08.1952 00:00;;;;;;;;;;;;;;;;;;85.5;;;;;;;;;;;
ILZ;01.09.1952 00:00;;;;;;;;;;;;;;;;;;207.6;;;;;;;;;;;
ILZ;01.10.1952 00:00;;;;;;;;;;;;;;;;;;116.8;;;;;;;;;;;
ILZ;01.11.1952 00:00;;;;;;;;;;;;;;;;;;169.8;;;;;;;;;;;
ILZ;01.12.1952 00:00;;;;;;;;;;;;;;;;;;87;;;;;;;;;;;
ILZ;01.01.1953 00:00;;;;;;;;;;;;;;;;;;19.7;;;;;;;;;;;
ILZ;01.02.1953 00:00;;;;;;;;;;;;;;;;;;27.7;;;;;;;;;;;
ILZ;01.03.1953 00:00;;;;;;;;;;;;;;;;;;1.7;;;;;;;;;;;
ILZ;01.04.1953 00:00;;;;;;;;;;;;;;;;;;40.9;;;;;;;;;;;
ILZ;01.05.1953 00:00;;;;;;;;;;;;;;;;;;36.4;;;;;;;;;;;
ILZ;01.06.1953 00:00;;;;;;;;;;;;;;;;;;176.8;;;;;;;;;;;
ILZ;01.07.1953 00:00;;;;;;;;;;;;;;;;;;126.4;;;;;;;;;;;
ILZ;01.08.1953 00:00;;;;;;;;;;;;;;;;;;40.4;;;;;;;;;;;
ILZ;01.09.1953 00:00;;;;;;;;;;;;;;;;;;78.1;;;;;;;;;;;
ILZ;01.10.1953 00:00;;;;;;;;;;;;;;;;;;84.4;;;;;;;;;;;
ILZ;01.11.1953 00:00;;;;;;;;;;;;;;;;;;5.1;;;;;;;;;;;
ILZ;01.12.1953 00:00;;;;;;;;;;;;;;;;;;20.2;;;;;;;;;;;
ILZ;01.01.1954 00:00;;;;;;;;;;;;;;;;;;96.2;;;;;;;;;;;
ILZ;01.02.1954 00:00;;;;;;;;;;;;;;;;;;35.2;;;;;;;;;;;
ILZ;01.03.1954 00:00;;;;;;;;;;;;;;;;;;22.3;;;;;;;;;;;
ILZ;01.04.1954 00:00;;;;;;;;;;;;;;;;;;74.4;;;;;;;;;;;
ILZ;01.05.1954 00:00;;;;;;;;;;;;;;;;;;79.8;;;;;;;;;;;
ILZ;01.06.1954 00:00;;;;;;;;;;;;;;;;;;144;;;;;;;;;;;
ILZ;01.07.1954 00:00;;;;;;;;;;;;;;;;;;99.7;;;;;;;;;;;
ILZ;01.08.1954 00:00;;;;;;;;;;;;;;;;;;210.3;;;;;;;;;;;
ILZ;01.09.1954 00:00;;;;;;;;;;;;;;;;;;124;;;;;;;;;;;
ILZ;01.10.1954 00:00;;;;;;;;;;;;;;;;;;60.8;;;;;;;;;;;
ILZ;01.11.1954 00:00;;;;;;;;;;;;;;;;;;27.2;;;;;;;;;;;
ILZ;01.12.1954 00:00;;;;;;;;;;;;;;;;;;240.9;;;;;;;;;;;
ILZ;01.01.1955 00:00;;;;;;;;;;;;;;;;;;82;;;;;;;;;;;
ILZ;01.02.1955 00:00;;;;;;;;;;;;;;;;;;143.1;;;;;;;;;;;
ILZ;01.03.1955 00:00;;;;;;;;;;;;;;;;;;6.7;;;;;;;;;;;
ILZ;01.04.1955 00:00;;;;;;;;;;;;;;;;;;37.4;;;;;;;;;;;
ILZ;01.05.1955 00:00;;;;;;;;;;;;;;;;;;71;;;;;;;;;;;
ILZ;01.06.1955 00:00;;;;;;;;;;;;;;;;;;102.9;;;;;;;;;;;
ILZ;01.07.1955 00:00;;;;;;;;;;;;;;;;;;76.1;;;;;;;;;;;
ILZ;01.08.1955 00:00;;;;;;;;;;;;;;;;;;49.4;;;;;;;;;;;
ILZ;01.09.1955 00:00;;;;;;;;;;;;;;;;;;37.9;;;;;;;;;;;
ILZ;01.10.1955 00:00;;;;;;;;;;;;;;;;;;49.6;;;;;;;;;;;
ILZ;01.11.1955 00:00;;;;;;;;;;;;;;;;;;14.7;;;;;;;;;;;
ILZ;01.12.1955 00:00;;;;;;;;;;;;;;;;;;67.8;;;;;;;;;;;
ILZ;01.01.1956 00:00;;;;;;;;;;;;;;;;;;70.5;;;;;;;;;;;
ILZ;01.02.1956 00:00;;;;;;;;;;;;;;;;;;18.4;;;;;;;;;;;
ILZ;01.03.1956 00:00;;;;;;;;;;;;;;;;;;79.6;;;;;;;;;;;
ILZ;01.04.1956 00:00;;;;;;;;;;;;;;;;;;41.7;;;;;;;;;;;
ILZ;01.05.1956 00:00;;;;;;;;;;;;;;;;;;86.3;;;;;;;;;;;
ILZ;01.06.1956 00:00;;;;;;;;;;;;;;;;;;98.6;;;;;;;;;;;
ILZ;01.07.1956 00:00;;;;;;;;;;;;;;;;;;131.4;;;;;;;;;;;
ILZ;01.08.1956 00:00;;;;;;;;;;;;;;;;;;160.8;;;;;;;;;;;
ILZ;01.09.1956 00:00;;;;;;;;;;;;;;;;;;79;;;;;;;;;;;
ILZ;01.10.1956 00:00;;;;;;;;;;;;;;;;;;105.1;;;;;;;;;;;
ILZ;01.11.1956 00:00;;;;;;;;;;;;;;;;;;46.1;;;;;;;;;;;
ILZ;01.12.1956 00:00;;;;;;;;;;;;;;;;;;4.6;;;;;;;;;;;
ILZ;01.01.1957 00:00;;;;;;;;;;;;;;;;;;29.6;;;;;;;;;;;
ILZ;01.02.1957 00:00;;;;;;;;;;;;;;;;;;97.1;;;;;;;;;;;
ILZ;01.03.1957 00:00;;;;;;;;;;;;;;;;;;42.2;;;;;;;;;;;
ILZ;01.04.1957 00:00;;;;;;;;;;;;;;;;;;13.4;;;;;;;;;;;
ILZ;01.05.1957 00:00;;;;;;;;;;;;;;;;;;62.4;;;;;;;;;;;
ILZ;01.06.1957 00:00;;;;;;;;;;;;;;;;;;171.3;;;;;;;;;;;
ILZ;01.07.1957 00:00;;;;;;;;;;;;;;;;;;84;;;;;;;;;;;
ILZ;01.08.1957 00:00;;;;;;;;;;;;;;;;;;137.2;;;;;;;;;;;
ILZ;01.09.1957 00:00;;;;;;;;;;;;;;;;;;73.3;;;;;;;;;;;
ILZ;01.10.1957 00:00;;;;;;;;;;;;;;;;;;21.8;;;;;;;;;;;
ILZ;01.11.1957 00:00;;;;;;;;;;;;;;;;;;58.3;;;;;;;;;;;
ILZ;01.12.1957 00:00;;;;;;;;;;;;;;;;;;48.7;;;;;;;;;;;
ILZ;01.01.1958 00:00;;;;;;;;;;;;;;;;;;72.9;;;;;;;;;;;
ILZ;01.02.1958 00:00;;;;;;;;;;;;;;;;;;140;;;;;;;;;;;
ILZ;01.03.1958 00:00;;;;;;;;;;;;;;;;;;37.3;;;;;;;;;;;
ILZ;01.04.1958 00:00;;;;;;;;;;;;;;;;;;63.6;;;;;;;;;;;
ILZ;01.05.1958 00:00;;;;;;;;;;;;;;;;;;79.8;;;;;;;;;;;
ILZ;01.06.1958 00:00;;;;;;;;;;;;;;;;;;66.7;;;;;;;;;;;
ILZ;01.07.1958 00:00;;;;;;;;;;;;;;;;;;116.8;;;;;;;;;;;
ILZ;01.08.1958 00:00;;;;;;;;;;;;;;;;;;124.3;;;;;;;;;;;
ILZ;01.09.1958 00:00;;;;;;;;;;;;;;;;;;52;;;;;;;;;;;
ILZ;01.10.1958 00:00;;;;;;;;;;;;;;;;;;204.2;;;;;;;;;;;
ILZ;01.11.1958 00:00;;;;;;;;;;;;;;;;;;32.5;;;;;;;;;;;
ILZ;01.12.1958 00:00;;;;;;;;;;;;;;;;;;84.3;;;;;;;;;;;
ILZ;01.01.1959 00:00;;;;;;;;;;;;;;;;;;74.4;;;;;;;;;;;
ILZ;01.02.1959 00:00;;;;;;;;;;;;;;;;;;14.5;;;;;;;;;;;
ILZ;01.03.1959 00:00;;;;;;;;;;;;;;;;;;34.3;;;;;;;;;;;
ILZ;01.04.1959 00:00;;;;;;;;;;;;;;;;;;36;;;;;;;;;;;
ILZ;01.05.1959 00:00;;;;;;;;;;;;;;;;;;31.4;;;;;;;;;;;
ILZ;01.06.1959 00:00;;;;;;;;;;;;;;;;;;58.1;;;;;;;;;;;
ILZ;01.07.1959 00:00;;;;;;;;;;;;;;;;;;56.7;;;;;;;;;;;
ILZ;01.08.1959 00:00;;;;;;;;;;;;;;;;;;43.8;;;;;;;;;;;
ILZ;01.09.1959 00:00;;;;;;;;;;;;;;;;;;15.7;;;;;;;;;;;
ILZ;01.10.1959 00:00;;;;;;;;;;;;;;;;;;81.1;;;;;;;;;;;
ILZ;01.11.1959 00:00;;;;;;;;;;;;;;;;;;84.4;;;;;;;;;;;
ILZ;01.12.1959 00:00;;;;;;;;;;;;;;;;;;82;;;;;;;;;;;
ILZ;01.01.1960 00:00;;;;;;;;;;;;;;;;;;50.2;;;;;;;;;;;
ILZ;01.02.1960 00:00;;;;;;;;;;;;;;;;;;17.4;;;;;;;;;;;
ILZ;01.03.1960 00:00;;;;;;;;;;;;;;;;;;67.3;;;;;;;;;;;
ILZ;01.04.1960 00:00;;;;;;;;;;;;;;;;;;42.6;;;;;;;;;;;
ILZ;01.05.1960 00:00;;;;;;;;;;;;;;;;;;41.4;;;;;;;;;;;
ILZ;01.06.1960 00:00;;;;;;;;;;;;;;;;;;88.7;;;;;;;;;;;
ILZ;01.07.1960 00:00;;;;;;;;;;;;;;;;;;184.2;;;;;;;;;;;
ILZ;01.08.1960 00:00;;;;;;;;;;;;;;;;;;160.3;;;;;;;;;;;
ILZ;01.09.1960 00:00;;;;;;;;;;;;;;;;;;165.1;;;;;;;;;;;
ILZ;01.10.1960 00:00;;;;;;;;;;;;;;;;;;128.7;;;;;;;;;;;
ILZ;01.11.1960 00:00;;;;;;;;;;;;;;;;;;69.7;;;;;;;;;;;
ILZ;01.12.1960 00:00;;;;;;;;;;;;;;;;;;76.1;;;;;;;;;;;
ILZ;01.01.1961 00:00;;;;;;;;;;;;;;;;;;49.1;;;;;;;;;;;
ILZ;01.02.1961 00:00;;;;;;;;;;;;;;;;;;128.1;;;;;;;;;;;
ILZ;01.03.1961 00:00;;;;;;;;;;;;;;;;;;33.5;;;;;;;;;;;
ILZ;01.04.1961 00:00;;;;;;;;;;;;;;;;;;42.8;;;;;;;;;;;
ILZ;01.05.1961 00:00;;;;;;;;;;;;;;;;;;94.8;;;;;;;;;;;
ILZ;01.06.1961 00:00;;;;;;;;;;;;;;;;;;62.3;;;;;;;;;;;
ILZ;01.07.1961 00:00;;;;;;;;;;;;;;;;;;68.6;;;;;;;;;;;
ILZ;01.08.1961 00:00;;;;;;;;;;;;;;;;;;111.6;;;;;;;;;;;
ILZ;01.09.1961 00:00;;;;;;;;;;;;;;;;;;5.3;;;;;;;;;;;
ILZ;01.10.1961 00:00;;;;;;;;;;;;;;;;;;79.4;;;;;;;;;;;
ILZ;01.11.1961 00:00;;;;;;;;;;;;;;;;;;25.6;;;;;;;;;;;
ILZ;01.12.1961 00:00;;;;;;;;;;;;;;;;;;105.8;;;;;;;;;;;
ILZ;01.01.1962 00:00;;;;;;;;;;;;;;;;;;81.1;;;;;;;;;;;
ILZ;01.02.1962 00:00;;;;;;;;;;;;;;;;;;69.8;;;;;;;;;;;
ILZ;01.03.1962 00:00;;;;;;;;;;;;;;;;;;44.9;;;;;;;;;;;
ILZ;01.04.1962 00:00;;;;;;;;;;;;;;;;;;69.1;;;;;;;;;;;
ILZ;01.05.1962 00:00;;;;;;;;;;;;;;;;;;102.3;;;;;;;;;;;
ILZ;01.06.1962 00:00;;;;;;;;;;;;;;;;;;48.9;;;;;;;;;;;
ILZ;01.07.1962 00:00;;;;;;;;;;;;;;;;;;54.1;;;;;;;;;;;
ILZ;01.08.1962 00:00;;;;;;;;;;;;;;;;;;92.7;;;;;;;;;;;
ILZ;01.09.1962 00:00;;;;;;;;;;;;;;;;;;59.2;;;;;;;;;;;
ILZ;01.10.1962 00:00;;;;;;;;;;;;;;;;;;6.5;;;;;;;;;;;
ILZ;01.11.1962 00:00;;;;;;;;;;;;;;;;;;33.4;;;;;;;;;;;
ILZ;01.12.1962 00:00;;;;;;;;;;;;;;;;;;170.2;;;;;;;;;;;
ILZ;01.01.1963 00:00;;;;;;;;;;;;;;;;;;34.5;;;;;;;;;;;
ILZ;01.02.1963 00:00;;;;;;;;;;;;;;;;;;11.5;;;;;;;;;;;
ILZ;01.03.1963 00:00;;;;;;;;;;;;;;;;;;62.2;;;;;;;;;;;
ILZ;01.04.1963 00:00;;;;;;;;;;;;;;;;;;54.4;;;;;;;;;;;
ILZ;01.05.1963 00:00;;;;;;;;;;;;;;;;;;93.7;;;;;;;;;;;
ILZ;01.06.1963 00:00;;;;;;;;;;;;;;;;;;119;;;;;;;;;;;
ILZ;01.07.1963 00:00;;;;;;;;;;;;;;;;;;67.5;;;;;;;;;;;
ILZ;01.08.1963 00:00;;;;;;;;;;;;;;;;;;179.4;;;;;;;;;;;
ILZ;01.09.1963 00:00;;;;;;;;;;;;;;;;;;103.1;;;;;;;;;;;
ILZ;01.10.1963 00:00;;;;;;;;;;;;;;;;;;65.9;;;;;;;;;;;
ILZ;01.11.1963 00:00;;;;;;;;;;;;;;;;;;201.7;;;;;;;;;;;
ILZ;01.12.1963 00:00;;;;;;;;;;;;;;;;;;11.7;;;;;;;;;;;
ILZ;01.01.1964 00:00;;;;;;;;;;;;;;;;;;5.4;;;;;;;;;;;
ILZ;01.02.1964 00:00;;;;;;;;;;;;;;;;;;13.8;;;;;;;;;;;
ILZ;01.03.1964 00:00;;;;;;;;;;;;;;;;;;52.9;;;;;;;;;;;
ILZ;01.04.1964 00:00;;;;;;;;;;;;;;;;;;66.8;;;;;;;;;;;
ILZ;01.05.1964 00:00;;;;;;;;;;;;;;;;;;36.1;;;;;;;;;;;
ILZ;01.06.1964 00:00;;;;;;;;;;;;;;;;;;95.5;;;;;;;;;;;
ILZ;01.07.1964 00:00;;;;;;;;;;;;;;;;;;80.6;;;;;;;;;;;
ILZ;01.08.1964 00:00;;;;;;;;;;;;;;;;;;115.7;;;;;;;;;;;
ILZ;01.09.1964 00:00;;;;;;;;;;;;;;;;;;43.9;;;;;;;;;;;
ILZ;01.10.1964 00:00;;;;;;;;;;;;;;;;;;109.6;;;;;;;;;;;
ILZ;01.11.1964 00:00;;;;;;;;;;;;;;;;;;123.4;;;;;;;;;;;
ILZ;01.12.1964 00:00;;;;;;;;;;;;;;;;;;47.3;;;;;;;;;;;
ILZ;01.01.1965 00:00;;;;;;;;;;;;;;;;;;27.5;;;;;;;;;;;
ILZ;01.02.1965 00:00;;;;;;;;;;;;;;;;;;23.8;;;;;;;;;;;
ILZ;01.03.1965 00:00;;;;;;;;;;;;;;;;;;52.8;;;;;;;;;;;
ILZ;01.04.1965 00:00;;;;;;;;;;;;;;;;;;60.7;;;;;;;;;;;
ILZ;01.05.1965 00:00;;;;;;;;;;;;;;;;;;57.8;;;;;;;;;;;
ILZ;01.06.1965 00:00;;;;;;;;;;;;;;;;;;107.4;;;;;;;;;;;
ILZ;01.07.1965 00:00;;;;;;;;;;;;;;;;;;108.8;;;;;;;;;;;
ILZ;01.08.1965 00:00;;;;;;;;;;;;;;;;;;116.5;;;;;;;;;;;
ILZ;01.09.1965 00:00;;;;;;;;;;;;;;;;;;244.7;;;;;;;;;;;
ILZ;01.10.1965 00:00;;;;;;;;;;;;;;;;;;4.4;;;;;;;;;;;
ILZ;01.11.1965 00:00;;;;;;;;;;;;;;;;;;90;;;;;;;;;;;
ILZ;01.12.1965 00:00;;;;;;;;;;;;;;;;;;200.1;;;;;;;;;;;
ILZ;01.01.1966 00:00;;;;;;;;;;;;;;;;;;30.3;;;;;;;;;;;
ILZ;01.02.1966 00:00;;;;;;;;;;;;;;;;;;77;;;;;;;;;;;
ILZ;01.03.1966 00:00;;;;;;;;;;;;;;;;;;72.6;;;;;;;;;;;
ILZ;01.04.1966 00:00;;;;;;;;;;;;;;;;;;71.3;;;;;;;;;;;
ILZ;01.05.1966 00:00;;;;;;;;;;;;;;;;;;125.2;;;;;;;;;;;
ILZ;01.06.1966 00:00;;;;;;;;;;;;;;;;;;90;;;;;;;;;;;
ILZ;01.07.1966 00:00;;;;;;;;;;;;;;;;;;180.4;;;;;;;;;;;
ILZ;01.08.1966 00:00;;;;;;;;;;;;;;;;;;130.1;;;;;;;;;;;
ILZ;01.09.1966 00:00;;;;;;;;;;;;;;;;;;33.9;;;;;;;;;;;
ILZ;01.10.1966 00:00;;;;;;;;;;;;;;;;;;52.8;;;;;;;;;;;
ILZ;01.11.1966 00:00;;;;;;;;;;;;;;;;;;120.2;;;;;;;;;;;
ILZ;01.12.1966 00:00;;;;;;;;;;;;;;;;;;115.7;;;;;;;;;;;
ILZ;01.01.1967 00:00;;;;;;;;;;;;;;;;;;46.2;;;;;;;;;;;
ILZ;01.02.1967 00:00;;;;;;;;;;;;;;;;;;64.2;;;;;;;;;;;
ILZ;01.03.1967 00:00;;;;;;;;;;;;;;;;;;163.2;;;;;;;;;;;
ILZ;01.04.1967 00:00;;;;;;;;;;;;;;;;;;60;;;;;;;;;;;
ILZ;01.05.1967 00:00;;;;;;;;;;;;;;;;;;143;;;;;;;;;;;
ILZ;01.06.1967 00:00;;;;;;;;;;;;;;;;;;54.8;;;;;;;;;;;
ILZ;01.07.1967 00:00;;;;;;;;;;;;;;;;;;96;;;;;;;;;;;
ILZ;01.08.1967 00:00;;;;;;;;;;;;;;;;;;123.9;;;;;;;;;;;
ILZ;01.09.1967 00:00;;;;;;;;;;;;;;;;;;152.3;;;;;;;;;;;
ILZ;01.10.1967 00:00;;;;;;;;;;;;;;;;;;65.1;;;;;;;;;;;
ILZ;01.11.1967 00:00;;;;;;;;;;;;;;;;;;87.6;;;;;;;;;;;
ILZ;01.12.1967 00:00;;;;;;;;;;;;;;;;;;40;;;;;;;;;;;
ILZ;01.01.1968 00:00;;;;;;;;;;;;;;;;;;251;;;;;;;;;;;
ILZ;01.02.1968 00:00;;;;;;;;;;;;;;;;;;40.4;;;;;;;;;;;
ILZ;01.03.1968 00:00;;;;;;;;;;;;;;;;;;81.1;;;;;;;;;;;
ILZ;01.04.1968 00:00;;;;;;;;;;;;;;;;;;83.9;;;;;;;;;;;
ILZ;01.05.1968 00:00;;;;;;;;;;;;;;;;;;89.5;;;;;;;;;;;
ILZ;01.06.1968 00:00;;;;;;;;;;;;;;;;;;66.3;;;;;;;;;;;
ILZ;01.07.1968 00:00;;;;;;;;;;;;;;;;;;105.8;;;;;;;;;;;
ILZ;01.08.1968 00:00;;;;;;;;;;;;;;;;;;101.8;;;;;;;;;;;
ILZ;01.09.1968 00:00;;;;;;;;;;;;;;;;;;154.5;;;;;;;;;;;
ILZ;01.10.1968 00:00;;;;;;;;;;;;;;;;;;17.8;;;;;;;;;;;
ILZ;01.11.1968 00:00;;;;;;;;;;;;;;;;;;110.6;;;;;;;;;;;
ILZ;01.12.1968 00:00;;;;;;;;;;;;;;;;;;68;;;;;;;;;;;
ILZ;01.01.1969 00:00;;;;;;;;;;;;;;;;;;43.9;;;;;;;;;;;
ILZ;01.02.1969 00:00;;;;;;;;;;;;;;;;;;41.6;;;;;;;;;;;
ILZ;01.03.1969 00:00;;;;;;;;;;;;;;;;;;15.1;;;;;;;;;;;
ILZ;01.04.1969 00:00;;;;;;;;;;;;;;;;;;68.7;;;;;;;;;;;
ILZ;01.05.1969 00:00;;;;;;;;;;;;;;;;;;115.2;;;;;;;;;;;
ILZ;01.06.1969 00:00;;;;;;;;;;;;;;;;;;137.7;;;;;;;;;;;
ILZ;01.07.1969 00:00;;;;;;;;;;;;;;;;;;84.4;;;;;;;;;;;
ILZ;01.08.1969 00:00;;;;;;;;;;;;;;;;;;77.6;;;;;;;;;;;
ILZ;01.09.1969 00:00;;;;;;;;;;;;;;;;;;14.4;;;;;;;;;;;
ILZ;01.10.1969 00:00;;;;;;;;;;;;;;;;;;1.8;;;;;;;;;;;
ILZ;01.11.1969 00:00;;;;;;;;;;;;;;;;;;150;;;;;;;;;;;
ILZ;01.12.1969 00:00;;;;;;;;;;;;;;;;;;62;;;;;;;;;;;
ILZ;01.01.1970 00:00;;;;;;;;;;;;;;;;;;26.1;;;;;;;;;;;
ILZ;01.02.1970 00:00;;;;;;;;;;;;;;;;;;215.9;;;;;;;;;;;
ILZ;01.03.1970 00:00;;;;;;;;;;;;;;;;;;65.3;;;;;;;;;;;
ILZ;01.04.1970 00:00;;;;;;;;;;;;;;;;;;144.1;;;;;;;;;;;
ILZ;01.05.1970 00:00;;;;;;;;;;;;;;;;;;49.1;;;;;;;;;;;
ILZ;01.06.1970 00:00;;;;;;;;;;;;;;;;;;53.6;;;;;;;;;;;
ILZ;01.07.1970 00:00;;;;;;;;;;;;;;;;;;46.1;;;;;;;;;;;
ILZ;01.08.1970 00:00;;;;;;;;;;;;;;;;;;137.5;;;;;;;;;;;
ILZ;01.09.1970 00:00;;;;;;;;;;;;;;;;;;93.7;;;;;;;;;;;
ILZ;01.10.1970 00:00;;;;;;;;;;;;;;;;;;93.7;;;;;;;;;;;
ILZ;01.11.1970 00:00;;;;;;;;;;;;;;;;;;119.7;;;;;;;;;;;
ILZ;01.12.1970 00:00;;;;;;;;;;;;;;;;;;28.2;;;;;;;;;;;
ILZ;01.01.1971 00:00;;;;;;;;;;;;;;;;;;14.5;;;;;;;;;;;
ILZ;01.02.1971 00:00;;;;;;;;;;;;;;;;;;37.8;;;;;;;;;;;
ILZ;01.03.1971 00:00;;;;;;;;;;;;;;;;;;28.2;;;;;;;;;;;
ILZ;01.04.1971 00:00;;;;;;;;;;;;;;;;;;26.3;;;;;;;;;;;
ILZ;01.05.1971 00:00;;;;;;;;;;;;;;;;;;66.1;;;;;;;;;;;
ILZ;01.06.1971 00:00;;;;;;;;;;;;;;;;;;178.6;;;;;;;;;;;
ILZ;01.07.1971 00:00;;;;;;;;;;;;;;;;;;43.6;;;;;;;;;;;
ILZ;01.08.1971 00:00;;;;;;;;;;;;;;;;;;97.8;;;;;;;;;;;
ILZ;01.09.1971 00:00;;;;;;;;;;;;;;;;;;22.9;;;;;;;;;;;
ILZ;01.10.1971 00:00;;;;;;;;;;;;;;;;;;6.2;;;;;;;;;;;
ILZ;01.11.1971 00:00;;;;;;;;;;;;;;;;;;106.5;;;;;;;;;;;
ILZ;01.12.1971 00:00;;;;;;;;;;;;;;;;;;28;;;;;;;;;;;
ILZ;01.01.1972 00:00;;;;;;;;;;;;;;;;;;17.8;;;;;;;;;;;
ILZ;01.02.1972 00:00;;;;;;;;;;;;;;;;;;12.1;;;;;;;;;;;
ILZ;01.03.1972 00:00;;;;;;;;;;;;;;;;;;46.4;;;;;;;;;;;
ILZ;01.04.1972 00:00;;;;;;;;;;;;;;;;;;82;;;;;;;;;;;
ILZ;01.05.1972 00:00;;;;;;;;;;;;;;;;;;73.8;;;;;;;;;;;
ILZ;01.06.1972 00:00;;;;;;;;;;;;;;;;;;107.6;;;;;;;;;;;
ILZ;01.07.1972 00:00;;;;;;;;;;;;;;;;;;81.9;;;;;;;;;;;
ILZ;01.08.1972 00:00;;;;;;;;;;;;;;;;;;25.8;;;;;;;;;;;
ILZ;01.09.1972 00:00;;;;;;;;;;;;;;;;;;47.6;;;;;;;;;;;
ILZ;01.10.1972 00:00;;;;;;;;;;;;;;;;;;75.5;;;;;;;;;;;
ILZ;01.11.1972 00:00;;;;;;;;;;;;;;;;;;93.8;;;;;;;;;;;
ILZ;01.12.1972 00:00;;;;;;;;;;;;;;;;;;12.9;;;;;;;;;;;
ILZ;01.01.1973 00:00;;;;;;;;;;;;;;;;;;44.6;;;;;;;;;;;
ILZ;01.02.1973 00:00;;;;;;;;;;;;;;;;;;61.4;;;;;;;;;;;
ILZ;01.03.1973 00:00;;;;;;;;;;;;;;;;;;8.6;;;;;;;;;;;
ILZ;01.04.1973 00:00;;;;;;;;;;;;;;;;;;65.6;;;;;;;;;;;
ILZ;01.05.1973 00:00;;;;;;;;;;;;;;;;;;93.5;;;;;;;;;;;
ILZ;01.06.1973 00:00;;;;;;;;;;;;;;;;;;95.1;;;;;;;;;;;
ILZ;01.07.1973 00:00;;;;;;;;;;;;;;;;;;137.3;;;;;;;;;;;
ILZ;01.08.1973 00:00;;;;;;;;;;;;;;;;;;34.7;;;;;;;;;;;
ILZ;01.09.1973 00:00;;;;;;;;;;;;;;;;;;63.9;;;;;;;;;;;
ILZ;01.10.1973 00:00;;;;;;;;;;;;;;;;;;63.5;;;;;;;;;;;
ILZ;01.11.1973 00:00;;;;;;;;;;;;;;;;;;84.8;;;;;;;;;;;
ILZ;01.12.1973 00:00;;;;;;;;;;;;;;;;;;73.1;;;;;;;;;;;
ILZ;01.01.1974 00:00;;;;;;;;;;;;;;;;;;53.3;;;;;;;;;;;
ILZ;01.02.1974 00:00;;;;;;;;;;;;;;;;;;83.8;;;;;;;;;;;
ILZ;01.03.1974 00:00;;;;;;;;;;;;;;;;;;45.8;;;;;;;;;;;
ILZ;01.04.1974 00:00;;;;;;;;;;;;;;;;;;29.7;;;;;;;;;;;
ILZ;01.05.1974 00:00;;;;;;;;;;;;;;;;;;43.1;;;;;;;;;;;
ILZ;01.06.1974 00:00;;;;;;;;;;;;;;;;;;72.9;;;;;;;;;;;
ILZ;01.07.1974 00:00;;;;;;;;;;;;;;;;;;63.9;;;;;;;;;;;
ILZ;01.08.1974 00:00;;;;;;;;;;;;;;;;;;111.9;;;;;;;;;;;
ILZ;01.09.1974 00:00;;;;;;;;;;;;;;;;;;113.1;;;;;;;;;;;
ILZ;01.10.1974 00:00;;;;;;;;;;;;;;;;;;67.8;;;;;;;;;;;
ILZ;01.11.1974 00:00;;;;;;;;;;;;;;;;;;123.6;;;;;;;;;;;
ILZ;01.12.1974 00:00;;;;;;;;;;;;;;;;;;90.9;;;;;;;;;;;
ILZ;01.01.1975 00:00;;;;;;;;;;;;;;;;;;94;;;;;;;;;;;
ILZ;01.02.1975 00:00;;;;;;;;;;;;;;;;;;3.8;;;;;;;;;;;
ILZ;01.03.1975 00:00;;;;;;;;;;;;;;;;;;73.9;;;;;;;;;;;
ILZ;01.04.1975 00:00;;;;;;;;;;;;;;;;;;165.6;;;;;;;;;;;
ILZ;01.05.1975 00:00;;;;;;;;;;;;;;;;;;47.3;;;;;;;;;;;
ILZ;01.06.1975 00:00;;;;;;;;;;;;;;;;;;89.5;;;;;;;;;;;
ILZ;01.07.1975 00:00;;;;;;;;;;;;;;;;;;87.1;;;;;;;;;;;
ILZ;01.08.1975 00:00;;;;;;;;;;;;;;;;;;114.6;;;;;;;;;;;
ILZ;01.09.1975 00:00;;;;;;;;;;;;;;;;;;104.7;;;;;;;;;;;
ILZ;01.10.1975 00:00;;;;;;;;;;;;;;;;;;36.9;;;;;;;;;;;
ILZ;01.11.1975 00:00;;;;;;;;;;;;;;;;;;103.4;;;;;;;;;;;
ILZ;01.12.1975 00:00;;;;;;;;;;;;;;;;;;17.1;;;;;;;;;;;
ILZ;01.01.1976 00:00;;;;;;;;;;;;;;;;;;44.7;;;;;;;;;;;
ILZ;01.02.1976 00:00;;;;;;;;;;;;;;;;;;2.1;;;;;;;;;;;
ILZ;01.03.1976 00:00;;;;;;;;;;;;;;;;;;8.4;;;;;;;;;;;
ILZ;01.04.1976 00:00;;;;;;;;;;;;;;;;;;20.6;;;;;;;;;;;
ILZ;01.05.1976 00:00;;;;;;;;;;;;;;;;;;22.1;;;;;;;;;;;
ILZ;01.06.1976 00:00;;;;;;;;;;;;;;;;;;35.3;;;;;;;;;;;
ILZ;01.07.1976 00:00;;;;;;;;;;;;;;;;;;73.9;;;;;;;;;;;
ILZ;01.08.1976 00:00;;;;;;;;;;;;;;;;;;48;;;;;;;;;;;
ILZ;01.09.1976 00:00;;;;;;;;;;;;;;;;;;183.4;;;;;;;;;;;
ILZ;01.10.1976 00:00;;;;;;;;;;;;;;;;;;173.9;;;;;;;;;;;
ILZ;01.11.1976 00:00;;;;;;;;;;;;;;;;;;64.5;;;;;;;;;;;
ILZ;01.12.1976 00:00;;;;;;;;;;;;;;;;;;56.6;;;;;;;;;;;
ILZ;01.01.1977 00:00;;;;;;;;;;;;;;;;;;75.2;;;;;;;;;;;
ILZ;01.02.1977 00:00;;;;;;;;;;;;;;;;;;92.9;;;;;;;;;;;
ILZ;01.03.1977 00:00;;;;;;;;;;;;;;;;;;63.4;;;;;;;;;;;
ILZ;01.04.1977 00:00;;;;;;;;;;;;;;;;;;145.5;;;;;;;;;;;
ILZ;01.05.1977 00:00;;;;;;;;;;;;;;;;;;54.4;;;;;;;;;;;
ILZ;01.06.1977 00:00;;;;;;;;;;;;;;;;;;76.5;;;;;;;;;;;
ILZ;01.07.1977 00:00;;;;;;;;;;;;;;;;;;90.1;;;;;;;;;;;
ILZ;01.08.1977 00:00;;;;;;;;;;;;;;;;;;153;;;;;;;;;;;
ILZ;01.09.1977 00:00;;;;;;;;;;;;;;;;;;16.1;;;;;;;;;;;
ILZ;01.10.1977 00:00;;;;;;;;;;;;;;;;;;49.2;;;;;;;;;;;
ILZ;01.11.1977 00:00;;;;;;;;;;;;;;;;;;70.9;;;;;;;;;;;
ILZ;01.12.1977 00:00;;;;;;;;;;;;;;;;;;51.6;;;;;;;;;;;
ILZ;01.01.1978 00:00;;;;;;;;;;;;;;;;;;102.6;;;;;;;;;;;
ILZ;01.02.1978 00:00;;;;;;;;;;;;;;;;;;108;;;;;;;;;;;
ILZ;01.03.1978 00:00;;;;;;;;;;;;;;;;;;130.9;;;;;;;;;;;
ILZ;01.04.1978 00:00;;;;;;;;;;;;;;;;;;40.3;;;;;;;;;;;
ILZ;01.05.1978 00:00;;;;;;;;;;;;;;;;;;103.7;;;;;;;;;;;
ILZ;01.06.1978 00:00;;;;;;;;;;;;;;;;;;90.8;;;;;;;;;;;
ILZ;01.07.1978 00:00;;;;;;;;;;;;;;;;;;76.9;;;;;;;;;;;
ILZ;01.08.1978 00:00;;;;;;;;;;;;;;;;;;112;;;;;;;;;;;
ILZ;01.09.1978 00:00;;;;;;;;;;;;;;;;;;55.8;;;;;;;;;;;
ILZ;01.10.1978 00:00;;;;;;;;;;;;;;;;;;83.1;;;;;;;;;;;
ILZ;01.11.1978 00:00;;;;;;;;;;;;;;;;;;4.7;;;;;;;;;;;
ILZ;01.12.1978 00:00;;;;;;;;;;;;;;;;;;24.8;;;;;;;;;;;
ILZ;01.01.1979 00:00;;;;;;;;;;;;;;;;;;56.5;;;;;;;;;;;
ILZ;01.02.1979 00:00;;;;;;;;;;;;;;;;;;33.6;;;;;;;;;;;
ILZ;01.03.1979 00:00;;;;;;;;;;;;;;;;;;168.5;;;;;;;;;;;
ILZ;01.04.1979 00:00;;;;;;;;;;;;;;;;;;69.8;;;;;;;;;;;
ILZ;01.05.1979 00:00;;;;;;;;;;;;;;;;;;103.4;;;;;;;;;;;
ILZ;01.06.1979 00:00;;;;;;;;;;;;;;;;;;81.2;;;;;;;;;;;
ILZ;01.07.1979 00:00;;;;;;;;;;;;;;;;;;47.7;;;;;;;;;;;
ILZ;01.08.1979 00:00;;;;;;;;;;;;;;;;;;134.2;;;;;;;;;;;
ILZ;01.09.1979 00:00;;;;;;;;;;;;;;;;;;97.5;;;;;;;;;;;
ILZ;01.10.1979 00:00;;;;;;;;;;;;;;;;;;94.2;;;;;;;;;;;
ILZ;01.11.1979 00:00;;;;;;;;;;;;;;;;;;158.5;;;;;;;;;;;
ILZ;01.12.1979 00:00;;;;;;;;;;;;;;;;;;134.7;;;;;;;;;;;
ILZ;01.01.1980 00:00;;;;;;;;;;;;;;;;;;66.8;;;;;;;;;;;
ILZ;01.02.1980 00:00;;;;;;;;;;;;;;;;;;79.4;;;;;;;;;;;
ILZ;01.03.1980 00:00;;;;;;;;;;;;;;;;;;42.8;;;;;;;;;;;
ILZ;01.04.1980 00:00;;;;;;;;;;;;;;;;;;41.5;;;;;;;;;;;
ILZ;01.05.1980 00:00;;;;;;;;;;;;;;;;;;47;;;;;;;;;;;
ILZ;01.06.1980 00:00;;;;;;;;;;;;;;;;;;131.8;;;;;;;;;;;
ILZ;01.07.1980 00:00;;;;;;;;;;;;;;;;;;119;;;;;;;;;;;
ILZ;01.08.1980 00:00;;;;;;;;;;;;;;;;;;39.6;;;;;;;;;;;
ILZ;01.09.1980 00:00;;;;;;;;;;;;;;;;;;18.7;;;;;;;;;;;
ILZ;01.10.1980 00:00;;;;;;;;;;;;;;;;;;143.9;;;;;;;;;;;
ILZ;01.11.1980 00:00;;;;;;;;;;;;;;;;;;19.5;;;;;;;;;;;
ILZ;01.12.1980 00:00;;;;;;;;;;;;;;;;;;54.2;;;;;;;;;;;
ILZ;01.01.1981 00:00;;;;;;;;;;;;;;;;;;167.8;;;;;;;;;;;
ILZ;01.02.1981 00:00;;;;;;;;;;;;;;;;;;23;;;;;;;;;;;
ILZ;01.03.1981 00:00;;;;;;;;;;;;;;;;;;92.1;;;;;;;;;;;
ILZ;01.04.1981 00:00;;;;;;;;;;;;;;;;;;23.4;;;;;;;;;;;
ILZ;01.05.1981 00:00;;;;;;;;;;;;;;;;;;113.4;;;;;;;;;;;
ILZ;01.06.1981 00:00;;;;;;;;;;;;;;;;;;49.6;;;;;;;;;;;
ILZ;01.07.1981 00:00;;;;;;;;;;;;;;;;;;195.5;;;;;;;;;;;
ILZ;01.08.1981 00:00;;;;;;;;;;;;;;;;;;38.6;;;;;;;;;;;
ILZ;01.09.1981 00:00;;;;;;;;;;;;;;;;;;167;;;;;;;;;;;
ILZ;01.10.1981 00:00;;;;;;;;;;;;;;;;;;138.3;;;;;;;;;;;
ILZ;01.11.1981 00:00;;;;;;;;;;;;;;;;;;75.7;;;;;;;;;;;
ILZ;01.12.1981 00:00;;;;;;;;;;;;;;;;;;142.5;;;;;;;;;;;
ILZ;01.01.1982 00:00;;;;;;;;;;;;;;;;;;111.6;;;;;;;;;;;
ILZ;01.02.1982 00:00;;;;;;;;;;;;;;;;;;4.8;;;;;;;;;;;
ILZ;01.03.1982 00:00;;;;;;;;;;;;;;;;;;58.5;;;;;;;;;;;
ILZ;01.04.1982 00:00;;;;;;;;;;;;;;;;;;6.9;;;;;;;;;;;
ILZ;01.05.1982 00:00;;;;;;;;;;;;;;;;;;69.9;;;;;;;;;;;
ILZ;01.06.1982 00:00;;;;;;;;;;;;;;;;;;174.7;;;;;;;;;;;
ILZ;01.07.1982 00:00;;;;;;;;;;;;;;;;;;50.8;;;;;;;;;;;
ILZ;01.08.1982 00:00;;;;;;;;;;;;;;;;;;126.8;;;;;;;;;;;
ILZ;01.09.1982 00:00;;;;;;;;;;;;;;;;;;161.8;;;;;;;;;;;
ILZ;01.10.1982 00:00;;;;;;;;;;;;;;;;;;52.8;;;;;;;;;;;
ILZ;01.11.1982 00:00;;;;;;;;;;;;;;;;;;84.8;;;;;;;;;;;
ILZ;01.12.1982 00:00;;;;;;;;;;;;;;;;;;70;;;;;;;;;;;
ILZ;01.01.1983 00:00;;;;;;;;;;;;;;;;;;134.2;;;;;;;;;;;
ILZ;01.02.1983 00:00;;;;;;;;;;;;;;;;;;38.9;;;;;;;;;;;
ILZ;01.03.1983 00:00;;;;;;;;;;;;;;;;;;43;;;;;;;;;;;
ILZ;01.04.1983 00:00;;;;;;;;;;;;;;;;;;96.8;;;;;;;;;;;
ILZ;01.05.1983 00:00;;;;;;;;;;;;;;;;;;227.9;;;;;;;;;;;
ILZ;01.06.1983 00:00;;;;;;;;;;;;;;;;;;22.8;;;;;;;;;;;
ILZ;01.07.1983 00:00;;;;;;;;;;;;;;;;;;23;;;;;;;;;;;
ILZ;01.08.1983 00:00;;;;;;;;;;;;;;;;;;48.5;;;;;;;;;;;
ILZ;01.09.1983 00:00;;;;;;;;;;;;;;;;;;170.7;;;;;;;;;;;
ILZ;01.10.1983 00:00;;;;;;;;;;;;;;;;;;27.4;;;;;;;;;;;
ILZ;01.11.1983 00:00;;;;;;;;;;;;;;;;;;99.9;;;;;;;;;;;
ILZ;01.12.1983 00:00;;;;;;;;;;;;;;;;;;72.5;;;;;;;;;;;
ILZ;01.01.1984 00:00;;;;;;;;;;;;;;;;;;73.4;;;;;;;;;;;
ILZ;01.02.1984 00:00;;;;;;;;;;;;;;;;;;129;;;;;;;;;;;
ILZ;01.03.1984 00:00;;;;;;;;;;;;;;;;;;62.5;;;;;;;;;;;
ILZ;01.04.1984 00:00;;;;;;;;;;;;;;;;;;33.8;;;;;;;;;;;
ILZ;01.05.1984 00:00;;;;;;;;;;;;;;;;;;70.2;;;;;;;;;;;
ILZ;01.06.1984 00:00;;;;;;;;;;;;;;;;;;51.7;;;;;;;;;;;
ILZ;01.07.1984 00:00;;;;;;;;;;;;;;;;;;23.8;;;;;;;;;;;
ILZ;01.08.1984 00:00;;;;;;;;;;;;;;;;;;57.1;;;;;;;;;;;
ILZ;01.09.1984 00:00;;;;;;;;;;;;;;;;;;256.8;;;;;;;;;;;
ILZ;01.10.1984 00:00;;;;;;;;;;;;;;;;;;72.9;;;;;;;;;;;
ILZ;01.11.1984 00:00;;;;;;;;;;;;;;;;;;39.5;;;;;;;;;;;
ILZ;01.12.1984 00:00;;;;;;;;;;;;;;;;;;54;;;;;;;;;;;
ILZ;01.01.1985 00:00;;;;;;;;;;;;;;;;;;66.7;;;;;;;;;;;
ILZ;01.02.1985 00:00;;;;;;;;;;;;;;;;;;39.7;;;;;;;;;;;
ILZ;01.03.1985 00:00;;;;;;;;;;;;;;;;;;63;;;;;;;;;;;
ILZ;01.04.1985 00:00;;;;;;;;;;;;;;;;;;73.3;;;;;;;;;;;
ILZ;01.05.1985 00:00;;;;;;;;;;;;;;;;;;81.7;;;;;;;;;;;
ILZ;01.06.1985 00:00;;;;;;;;;;;;;;;;;;76.2;;;;;;;;;;;
ILZ;01.07.1985 00:00;;;;;;;;;;;;;;;;;;91.5;;;;;;;;;;;
ILZ;01.08.1985 00:00;;;;;;;;;;;;;;;;;;185.7;;;;;;;;;;;
ILZ;01.09.1985 00:00;;;;;;;;;;;;;;;;;;43.4;;;;;;;;;;;
ILZ;01.10.1985 00:00;;;;;;;;;;;;;;;;;;6.8;;;;;;;;;;;
ILZ;01.11.1985 00:00;;;;;;;;;;;;;;;;;;58.8;;;;;;;;;;;
ILZ;01.12.1985 00:00;;;;;;;;;;;;;;;;;;21.8;;;;;;;;;;;
ILZ;01.01.1986 00:00;;;;;;;;;;;;;;;;;;170.6;;;;;;;;;;;
ILZ;01.02.1986 00:00;;;;;;;;;;;;;;;;;;19;;;;;;;;;;;
ILZ;01.03.1986 00:00;;;;;;;;;;;;;;;;;;51.8;;;;;;;;;;;
ILZ;01.04.1986 00:00;;;;;;;;;;;;;;;;;;192.8;;;;;;;;;;;
ILZ;01.05.1986 00:00;;;;;;;;;;;;;;;;;;81.8;;;;;;;;;;;
ILZ;01.06.1986 00:00;;;;;;;;;;;;;;;;;;69.6;;;;;;;;;;;
ILZ;01.07.1986 00:00;;;;;;;;;;;;;;;;;;110.1;;;;;;;;;;;
ILZ;01.08.1986 00:00;;;;;;;;;;;;;;;;;;169.9;;;;;;;;;;;
ILZ;01.09.1986 00:00;;;;;;;;;;;;;;;;;;21.2;;;;;;;;;;;
ILZ;01.10.1986 00:00;;;;;;;;;;;;;;;;;;32.6;;;;;;;;;;;
ILZ;01.11.1986 00:00;;;;;;;;;;;;;;;;;;28.5;;;;;;;;;;;
ILZ;01.12.1986 00:00;;;;;;;;;;;;;;;;;;154;;;;;;;;;;;
ILZ;01.01.1987 00:00;;;;;;;;;;;;;;;;;;70.3;;;;;;;;;;;
ILZ;01.02.1987 00:00;;;;;;;;;;;;;;;;;;82.5;;;;;;;;;;;
ILZ;01.03.1987 00:00;;;;;;;;;;;;;;;;;;57.3;;;;;;;;;;;
ILZ;01.04.1987 00:00;;;;;;;;;;;;;;;;;;40.4;;;;;;;;;;;
ILZ;01.05.1987 00:00;;;;;;;;;;;;;;;;;;95.1;;;;;;;;;;;
ILZ;01.06.1987 00:00;;;;;;;;;;;;;;;;;;253;;;;;;;;;;;
ILZ;01.07.1987 00:00;;;;;;;;;;;;;;;;;;242.1;;;;;;;;;;;
ILZ;01.08.1987 00:00;;;;;;;;;;;;;;;;;;100.4;;;;;;;;;;;
ILZ;01.09.1987 00:00;;;;;;;;;;;;;;;;;;65;;;;;;;;;;;
ILZ;01.10.1987 00:00;;;;;;;;;;;;;;;;;;36.9;;;;;;;;;;;
ILZ;01.11.1987 00:00;;;;;;;;;;;;;;;;;;66.5;;;;;;;;;;;
ILZ;01.12.1987 00:00;;;;;;;;;;;;;;;;;;42;;;;;;;;;;;
ILZ;01.01.1988 00:00;;;;;;;;;;;;;;;;;;62.1;;;;;;;;;;;
ILZ;01.02.1988 00:00;;;;;;;;;;;;;;;;;;71.9;;;;;;;;;;;
ILZ;01.03.1988 00:00;;;;;;;;;;;;;;;;;;184.6;;;;;;;;;;;
ILZ;01.04.1988 00:00;;;;;;;;;;;;;;;;;;13.3;;;;;;;;;;;
ILZ;01.05.1988 00:00;;;;;;;;;;;;;;;;;;91.9;;;;;;;;;;;
ILZ;01.06.1988 00:00;;;;;;;;;;;;;;;;;;82.7;;;;;;;;;;;
ILZ;01.07.1988 00:00;;;;;;;;;;;;;;;;;;117;;;;;;;;;;;
ILZ;01.08.1988 00:00;;;;;;;;;;;;;;;;;;104.4;;;;;;;;;;;
ILZ;01.09.1988 00:00;;;;;;;;;;;;;;;;;;64.4;;;;;;;;;;;
ILZ;01.10.1988 00:00;;;;;;;;;;;;;;;;;;99;;;;;;;;;;;
ILZ;01.11.1988 00:00;;;;;;;;;;;;;;;;;;18.2;;;;;;;;;;;
ILZ;01.12.1988 00:00;;;;;;;;;;;;;;;;;;105.2;;;;;;;;;;;
ILZ;01.01.1989 00:00;;;;;;;;;;;;;;;;;;3.4;;;;;;;;;;;
ILZ;01.02.1989 00:00;;;;;;;;;;;;;;;;;;69.2;;;;;;;;;;;
ILZ;01.03.1989 00:00;;;;;;;;;;;;;;;;;;59.8;;;;;;;;;;;
ILZ;01.04.1989 00:00;;;;;;;;;;;;;;;;;;102.4;;;;;;;;;;;
ILZ;01.05.1989 00:00;;;;;;;;;;;;;;;;;;21.1;;;;;;;;;;;
ILZ;01.06.1989 00:00;;;;;;;;;;;;;;;;;;79.6;;;;;;;;;;;
ILZ;01.07.1989 00:00;;;;;;;;;;;;;;;;;;101.3;;;;;;;;;;;
ILZ;01.08.1989 00:00;;;;;;;;;;;;;;;;;;80.1;;;;;;;;;;;
ILZ;01.09.1989 00:00;;;;;;;;;;;;;;;;;;36;;;;;;;;;;;
ILZ;01.10.1989 00:00;;;;;;;;;;;;;;;;;;37.2;;;;;;;;;;;
ILZ;01.11.1989 00:00;;;;;;;;;;;;;;;;;;53.2;;;;;;;;;;;
ILZ;01.12.1989 00:00;;;;;;;;;;;;;;;;;;50.8;;;;;;;;;;;
ILZ;01.01.1990 00:00;;;;;;;;;;;;;;;;;;18.3;;;;;;;;;;;
ILZ;01.02.1990 00:00;;;;;;;;;;;;;;;;;;204.3;;;;;;;;;;;
ILZ;01.03.1990 00:00;;;;;;;;;;;;;;;;;;22.6;;;;;;;;;;;
ILZ;01.04.1990 00:00;;;;;;;;;;;;;;;;;;50.6;;;;;;;;;;;
ILZ;01.05.1990 00:00;;;;;;;;;;;;;;;;;;36.5;;;;;;;;;;;
ILZ;01.06.1990 00:00;;;;;;;;;;;;;;;;;;162.6;;;;;;;;;;;
ILZ;01.07.1990 00:00;;;;;;;;;;;;;;;;;;68.3;;;;;;;;;;;
ILZ;01.08.1990 00:00;;;;;;;;;;;;;;;;;;61.2;;;;;;;;;;;
ILZ;01.09.1990 00:00;;;;;;;;;;;;;;;;;;67.6;;;;;;;;;;;
ILZ;01.10.1990 00:00;;;;;;;;;;;;;;;;;;65.4;;;;;;;;;;;
ILZ;01.11.1990 00:00;;;;;;;;;;;;;;;;;;163;;;;;;;;;;;
ILZ;01.12.1990 00:00;;;;;;;;;;;;;;;;;;58.4;;;;;;;;;;;
ILZ;01.01.1991 00:00;;;;;;;;;;;;;;;;;;40.5;;;;;;;;;;;
ILZ;01.02.1991 00:00;;;;;;;;;;;;;;;;;;21.8;;;;;;;;;;;
ILZ;01.03.1991 00:00;;;;;;;;;;;;;;;;;;100.9;;;;;;;;;;;
ILZ;01.04.1991 00:00;;;;;;;;;;;;;;;;;;17.3;;;;;;;;;;;
ILZ;01.05.1991 00:00;;;;;;;;;;;;;;;;;;45.3;;;;;;;;;;;
ILZ;01.06.1991 00:00;;;;;;;;;;;;;;;;;;169.4;;;;;;;;;;;
ILZ;01.07.1991 00:00;;;;;;;;;;;;;;;;;;96.9;;;;;;;;;;;
ILZ;01.08.1991 00:00;;;;;;;;;;;;;;;;;;27.3;;;;;;;;;;;
ILZ;01.09.1991 00:00;;;;;;;;;;;;;;;;;;218.1;;;;;;;;;;;
ILZ;01.10.1991 00:00;;;;;;;;;;;;;;;;;;26.5;;;;;;;;;;;
ILZ;01.11.1991 00:00;;;;;;;;;;;;;;;;;;67.5;;;;;;;;;;;
ILZ;01.12.1991 00:00;;;;;;;;;;;;;;;;;;152.1;;;;;;;;;;;
ILZ;01.01.1992 00:00;;;;;;;;;;;;;;;;;;12.5;;;;;;;;;;;
ILZ;01.02.1992 00:00;;;;;;;;;;;;;;;;;;97;;;;;;;;;;;
ILZ;01.03.1992 00:00;;;;;;;;;;;;;;;;;;156.1;;;;;;;;;;;
ILZ;01.04.1992 00:00;;;;;;;;;;;;;;;;;;72.5;;;;;;;;;;;
ILZ;01.05.1992 00:00;;;;;;;;;;;;;;;;;;18.9;;;;;;;;;;;
ILZ;01.06.1992 00:00;;;;;;;;;;;;;;;;;;60.7;;;;;;;;;;;
ILZ;01.07.1992 00:00;;;;;;;;;;;;;;;;;;111.6;;;;;;;;;;;
ILZ;01.08.1992 00:00;;;;;;;;;;;;;;;;;;148.5;;;;;;;;;;;
ILZ;01.09.1992 00:00;;;;;;;;;;;;;;;;;;67.1;;;;;;;;;;;
ILZ;01.10.1992 00:00;;;;;;;;;;;;;;;;;;85.6;;;;;;;;;;;
ILZ;01.11.1992 00:00;;;;;;;;;;;;;;;;;;121.6;;;;;;;;;;;
ILZ;01.12.1992 00:00;;;;;;;;;;;;;;;;;;85.9;;;;;;;;;;;
ILZ;01.01.1993 00:00;;;;;;;;;;;;;;;;;;54.3;;;;;;;;;;;
ILZ;01.02.1993 00:00;;;;;;;;;;;;;;;;;;41.3;;;;;;;;;;;
ILZ;01.03.1993 00:00;;;;;;;;;;;;;;;;;;19;;;;;;;;;;;
ILZ;01.04.1993 00:00;;;;;;;;;;;;;;;;;;82.8;;;;;;;;;;;
ILZ;01.05.1993 00:00;;;;;;;;;;;;;;;;;;86.3;;;;;;;;;;;
ILZ;01.06.1993 00:00;;;;;;;;;;;;;;;;;;124.4;;;;;;;;;;;
ILZ;01.07.1993 00:00;;;;;;;;;;;;;;;;;;136.7;;;;;;;;;;;
ILZ;01.08.1993 00:00;;;;;;;;;;;;;;;;;;114.3;;;;;;;;;;;
ILZ;01.09.1993 00:00;;;;;;;;;;;;;;;;;;123.4;;;;;;;;;;;
ILZ;01.10.1993 00:00;;;;;;;;;;;;;;;;;;249.6;;;;;;;;;;;
ILZ;01.11.1993 00:00;;;;;;;;;;;;;;;;;;17.8;;;;;;;;;;;
ILZ;01.12.1993 00:00;;;;;;;;;;;;;;;;;;100.2;;;;;;;;;;;
ILZ;01.01.1994 00:00;;;;;;;;;;;;;;;;;;113.4;;;;;;;;;;;
ILZ;01.02.1994 00:00;;;;;;;;;;;;;;;;;;44.6;;;;;;;;;;;
ILZ;01.03.1994 00:00;;;;;;;;;;;;;;;;;;20.4;;;;;;;;;;;
ILZ;01.04.1994 00:00;;;;;;;;;;;;;;;;;;32.7;;;;;;;;;;;
ILZ;01.05.1994 00:00;;;;;;;;;;;;;;;;;;93.2;;;;;;;;;;;
ILZ;01.06.1994 00:00;;;;;;;;;;;;;;;;;;72.8;;;;;;;;;;;
ILZ;01.07.1994 00:00;;;;;;;;;;;;;;;;;;68.9;;;;;;;;;;;
ILZ;01.08.1994 00:00;;;;;;;;;;;;;;;;;;134.2;;;;;;;;;;;
ILZ;01.09.1994 00:00;;;;;;;;;;;;;;;;;;143.3;;;;;;;;;;;
ILZ;01.10.1994 00:00;;;;;;;;;;;;;;;;;;27.4;;;;;;;;;;;
ILZ;01.11.1994 00:00;;;;;;;;;;;;;;;;;;43.6;;;;;;;;;;;
ILZ;01.12.1994 00:00;;;;;;;;;;;;;;;;;;45.4;;;;;;;;;;;
ILZ;01.01.1995 00:00;;;;;;;;;;;;;;;;;;132.9;;;;;;;;;;;
ILZ;01.02.1995 00:00;;;;;;;;;;;;;;;;;;55.6;;;;;;;;;;;
ILZ;01.03.1995 00:00;;;;;;;;;;;;;;;;;;71;;;;;;;;;;;
ILZ;01.04.1995 00:00;;;;;;;;;;;;;;;;;;107.3;;;;;;;;;;;
ILZ;01.05.1995 00:00;;;;;;;;;;;;;;;;;;53.3;;;;;;;;;;;
ILZ;01.06.1995 00:00;;;;;;;;;;;;;;;;;;81.9;;;;;;;;;;;
ILZ;01.07.1995 00:00;;;;;;;;;;;;;;;;;;104.6;;;;;;;;;;;
ILZ;01.08.1995 00:00;;;;;;;;;;;;;;;;;;133.3;;;;;;;;;;;
ILZ;01.09.1995 00:00;;;;;;;;;;;;;;;;;;127.9;;;;;;;;;;;
ILZ;01.10.1995 00:00;;;;;;;;;;;;;;;;;;1;;;;;;;;;;;
ILZ;01.11.1995 00:00;;;;;;;;;;;;;;;;;;30.8;;;;;;;;;;;
ILZ;01.12.1995 00:00;;;;;;;;;;;;;;;;;;58.4;;;;;;;;;;;
ILZ;01.01.1996 00:00;;;;;;;;;;;;;;;;;;5.1;;;;;;;;;;;
ILZ;01.02.1996 00:00;;;;;;;;;;;;;;;;;;27.1;;;;;;;;;;;
ILZ;01.03.1996 00:00;;;;;;;;;;;;;;;;;;32.6;;;;;;;;;;;
ILZ;01.04.1996 00:00;;;;;;;;;;;;;;;;;;22.8;;;;;;;;;;;
ILZ;01.05.1996 00:00;;;;;;;;;;;;;;;;;;174.8;;;;;;;;;;;
ILZ;01.06.1996 00:00;;;;;;;;;;;;;;;;;;46;;;;;;;;;;;
ILZ;01.07.1996 00:00;;;;;;;;;;;;;;;;;;145.6;;;;;;;;;;;
ILZ;01.08.1996 00:00;;;;;;;;;;;;;;;;;;179.6;;;;;;;;;;;
ILZ;01.09.1996 00:00;;;;;;;;;;;;;;;;;;43.7;;;;;;;;;;;
ILZ;01.10.1996 00:00;;;;;;;;;;;;;;;;;;72.1;;;;;;;;;;;
ILZ;01.11.1996 00:00;;;;;;;;;;;;;;;;;;182.5;;;;;;;;;;;
ILZ;01.12.1996 00:00;;;;;;;;;;;;;;;;;;17.6;;;;;;;;;;;
ILZ;01.01.1997 00:00;;;;;;;;;;;;;;;;;;4.4;;;;;;;;;;;
ILZ;01.02.1997 00:00;;;;;;;;;;;;;;;;;;38.8;;;;;;;;;;;
ILZ;01.03.1997 00:00;;;;;;;;;;;;;;;;;;49.6;;;;;;;;;;;
ILZ;01.04.1997 00:00;;;;;;;;;;;;;;;;;;70.9;;;;;;;;;;;
ILZ;01.05.1997 00:00;;;;;;;;;;;;;;;;;;60.2;;;;;;;;;;;
ILZ;01.06.1997 00:00;;;;;;;;;;;;;;;;;;151.5;;;;;;;;;;;
ILZ;01.07.1997 00:00;;;;;;;;;;;;;;;;;;150.2;;;;;;;;;;;
ILZ;01.08.1997 00:00;;;;;;;;;;;;;;;;;;95.3;;;;;;;;;;;
ILZ;01.09.1997 00:00;;;;;;;;;;;;;;;;;;27.1;;;;;;;;;;;
ILZ;01.10.1997 00:00;;;;;;;;;;;;;;;;;;40.4;;;;;;;;;;;
ILZ;01.11.1997 00:00;;;;;;;;;;;;;;;;;;86;;;;;;;;;;;
ILZ;01.12.1997 00:00;;;;;;;;;;;;;;;;;;80.6;;;;;;;;;;;
ILZ;01.01.1998 00:00;;;;;;;;;;;;;;;;;;50;;;;;;;;;;;
ILZ;01.02.1998 00:00;;;;;;;;;;;;;;;;;;12.2;;;;;;;;;;;
ILZ;01.03.1998 00:00;;;;;;;;;;;;;;;;;;55.8;;;;;;;;;;;
ILZ;01.04.1998 00:00;;;;;;;;;;;;;;;;;;190.3;;;;;;;;;;;
ILZ;01.05.1998 00:00;;;;;;;;;;;;;;;;;;11.1;;;;;;;;;;;
ILZ;01.06.1998 00:00;;;;;;;;;;;;;;;;;;132;;;;;;;;;;;
ILZ;01.07.1998 00:00;;;;;;;;;;;;;;;;;;108;;;;;;;;;;;
ILZ;01.08.1998 00:00;;;;;;;;;;;;;;;;;;92.5;;;;;;;;;;;
ILZ;01.09.1998 00:00;;;;;;;;;;;;;;;;;;179;;;;;;;;;;;
ILZ;01.10.1998 00:00;;;;;;;;;;;;;;;;;;122.7;;;;;;;;;;;
ILZ;01.11.1998 00:00;;;;;;;;;;;;;;;;;;48.5;;;;;;;;;;;
ILZ;01.12.1998 00:00;;;;;;;;;;;;;;;;;;29.6;;;;;;;;;;;
ILZ;01.01.1999 00:00;;;;;;;;;;;;;;;;;;95.5;;;;;;;;;;;
ILZ;01.02.1999 00:00;;;;;;;;;;;;;;;;;;276.5;;;;;;;;;;;
ILZ;01.03.1999 00:00;;;;;;;;;;;;;;;;;;70.2;;;;;;;;;;;
ILZ;01.04.1999 00:00;;;;;;;;;;;;;;;;;;92.5;;;;;;;;;;;
ILZ;01.05.1999 00:00;;;;;;;;;;;;;;;;;;88.7;;;;;;;;;;;
ILZ;01.06.1999 00:00;;;;;;;;;;;;;;;;;;215.1;;;;;;;;;;;
ILZ;01.07.1999 00:00;;;;;;;;;;;;;;;;;;68.8;;;;;;;;;;;
ILZ;01.08.1999 00:00;;;;;;;;;;;;;;;;;;149.3;;;;;;;;;;;
ILZ;01.09.1999 00:00;;;;;;;;;;;;;;;;;;139.7;;;;;;;;;;;
ILZ;01.10.1999 00:00;;;;;;;;;;;;;;;;;;50.9;;;;;;;;;;;
ILZ;01.11.1999 00:00;;;;;;;;;;;;;;;;;;61.3;;;;;;;;;;;
ILZ;01.12.1999 00:00;;;;;;;;;;;;;;;;;;95.8;;;;;;;;;;;
ILZ;01.01.2000 00:00;;;;;;;;;;;;;;;;;;44.5;;;;;;;;;;;
ILZ;01.02.2000 00:00;;;;;;;;;;;;;;;;;;88.2;;;;;;;;;;;
ILZ;01.03.2000 00:00;;;;;;;;;;;;;;;;;;81.9;;;;;;;;;;;
ILZ;01.04.2000 00:00;;;;;;;;;;;;;;;;;;105.3;;;;;;;;;;;
ILZ;01.05.2000 00:00;;;;;;;;;;;;;;;;;;36.8;;;;;;;;;;;
ILZ;01.06.2000 00:00;;;;;;;;;;;;;;;;;;42.2;;;;;;;;;;;
ILZ;01.07.2000 00:00;;;;;;;;;;;;;;;;;;137.2;;;;;;;;;;;
ILZ;01.08.2000 00:00;;;;;;;;;;;;;;;;;;132.1;;;;;;;;;;;
ILZ;01.09.2000 00:00;;;;;;;;;;;;;;;;;;51.9;;;;;;;;;;;
ILZ;01.10.2000 00:00;;;;;;;;;;;;;;;;;;111.6;;;;;;;;;;;
ILZ;01.11.2000 00:00;;;;;;;;;;;;;;;;;;215.4;;;;;;;;;;;
ILZ;01.12.2000 00:00;;;;;;;;;;;;;;;;;;24.2;;;;;;;;;;;
ILZ;01.01.2001 00:00;;;;;;;;;;;;;;;;;;103.6;;;;;;;;;;;
ILZ;01.02.2001 00:00;;;;;;;;;;;;;;;;;;111.9;;;;;;;;;;;
ILZ;01.03.2001 00:00;;;;;;;;;;;;;;;;;;118;;;;;;;;;;;
ILZ;01.04.2001 00:00;;;;;;;;;;;;;;;;;;86.9;;;;;;;;;;;
ILZ;01.05.2001 00:00;;;;;;;;;;;;;;;;;;34.7;;;;;;;;;;;
ILZ;01.06.2001 00:00;;;;;;;;;;;;;;;;;;186.6;;;;;;;;;;;
ILZ;01.07.2001 00:00;;;;;;;;;;;;;;;;;;140.2;;;;;;;;;;;
ILZ;01.08.2001 00:00;;;;;;;;;;;;;;;;;;153.3;;;;;;;;;;;
ILZ;01.09.2001 00:00;;;;;;;;;;;;;;;;;;80.9;;;;;;;;;;;
ILZ;01.10.2001 00:00;;;;;;;;;;;;;;;;;;46.9;;;;;;;;;;;
ILZ;01.11.2001 00:00;;;;;;;;;;;;;;;;;;36.5;;;;;;;;;;;
ILZ;01.12.2001 00:00;;;;;;;;;;;;;;;;;;28.2;;;;;;;;;;;
ILZ;01.01.2002 00:00;;;;;;;;;;;;;;;;;;22.5;;;;;;;;;;;
ILZ;01.02.2002 00:00;;;;;;;;;;;;;;;;;;56.7;;;;;;;;;;;
ILZ;01.03.2002 00:00;;;;;;;;;;;;;;;;;;105.6;;;;;;;;;;;
ILZ;01.04.2002 00:00;;;;;;;;;;;;;;;;;;26.8;;;;;;;;;;;
ILZ;01.05.2002 00:00;;;;;;;;;;;;;;;;;;255.8;;;;;;;;;;;
ILZ;01.06.2002 00:00;;;;;;;;;;;;;;;;;;24.1;;;;;;;;;;;
ILZ;01.07.2002 00:00;;;;;;;;;;;;;;;;;;132.4;;;;;;;;;;;
ILZ;01.08.2002 00:00;;;;;;;;;;;;;;;;;;93.6;;;;;;;;;;;
ILZ;01.09.2002 00:00;;;;;;;;;;;;;;;;;;44.6;;;;;;;;;;;
ILZ;01.10.2002 00:00;;;;;;;;;;;;;;;;;;68.2;;;;;;;;;;;
ILZ;01.11.2002 00:00;;;;;;;;;;;;;;;;;;408.3;;;;;;;;;;;
ILZ;01.12.2002 00:00;;;;;;;;;;;;;;;;;;53.3;;;;;;;;;;;
ILZ;01.01.2003 00:00;;;;;;;;;;;;;;;;;;52.9;;;;;;;;;;;
ILZ;01.02.2003 00:00;;;;;;;;;;;;;;;;;;40.4;;;;;;;;;;;
ILZ;01.03.2003 00:00;;;;;;;;;;;;;;;;;;0.2;;;;;;;;;;;
ILZ;01.04.2003 00:00;;;;;;;;;;;;;;;;;;24.5;;;;;;;;;;;
ILZ;01.05.2003 00:00;;;;;;;;;;;;;;;;;;41.7;;;;;;;;;;;
ILZ;01.06.2003 00:00;;;;;;;;;;;;;;;;;;27.8;;;;;;;;;;;
ILZ;01.07.2003 00:00;;;;;;;;;;;;;;;;;;117.9;;;;;;;;;;;
ILZ;01.08.2003 00:00;;;;;;;;;;;;;;;;;;79.6;;;;;;;;;;;
ILZ;01.09.2003 00:00;;;;;;;;;;;;;;;;;;26.8;;;;;;;;;;;
ILZ;01.10.2003 00:00;;;;;;;;;;;;;;;;;;131;;;;;;;;;;;
ILZ;01.11.2003 00:00;;;;;;;;;;;;;;;;;;52;;;;;;;;;;;
ILZ;01.12.2003 00:00;;;;;;;;;;;;;;;;;;45.3;;;;;;;;;;;
ILZ;01.01.2004 00:00;;;;;;;;;;;;;;;;;;128.5;;;;;;;;;;;
ILZ;01.02.2004 00:00;;;;;;;;;;;;;;;;;;15.1;;;;;;;;;;;
ILZ;01.03.2004 00:00;;;;;;;;;;;;;;;;;;11.5;;;;;;;;;;;
ILZ;01.04.2004 00:00;;;;;;;;;;;;;;;;;;18.8;;;;;;;;;;;
ILZ;01.05.2004 00:00;;;;;;;;;;;;;;;;;;55.7;;;;;;;;;;;
ILZ;01.06.2004 00:00;;;;;;;;;;;;;;;;;;55.9;;;;;;;;;;;
ILZ;01.07.2004 00:00;;;;;;;;;;;;;;;;;;81;;;;;;;;;;;
ILZ;01.08.2004 00:00;;;;;;;;;;;;;;;;;;107.4;;;;;;;;;;;
ILZ;01.09.2004 00:00;;;;;;;;;;;;;;;;;;43;;;;;;;;;;;
ILZ;01.10.2004 00:00;;;;;;;;;;;;;;;;;;119.4;;;;;;;;;;;
ILZ;01.11.2004 00:00;;;;;;;;;;;;;;;;;;25.4;;;;;;;;;;;
ILZ;01.12.2004 00:00;;;;;;;;;;;;;;;;;;51;;;;;;;;;;;
ILZ;01.01.2005 00:00;;;;;;;;;;;;;;;;;;46.8;;;;;;;;;;;
ILZ;01.02.2005 00:00;;;;;;;;;;;;;;;;;;40.4;;;;;;;;;;;
ILZ;01.03.2005 00:00;;;;;;;;;;;;;;;;;;12.5;;;;;;;;;;;
ILZ;01.04.2005 00:00;;;;;;;;;;;;;;;;;;38.5;;;;;;;;;;;
ILZ;01.05.2005 00:00;;;;;;;;;;;;;;;;;;70.7;;;;;;;;;;;
ILZ;01.06.2005 00:00;;;;;;;;;;;;;;;;;;60.2;;;;;;;;;;;
ILZ;01.07.2005 00:00;;;;;;;;;;;;;;;;;;63.5;;;;;;;;;;;
ILZ;01.08.2005 00:00;;;;;;;;;;;;;;;;;;138.1;;;;;;;;;;;
ILZ;01.09.2005 00:00;;;;;;;;;;;;;;;;;;34;;;;;;;;;;;
ILZ;01.10.2005 00:00;;;;;;;;;;;;;;;;;;35.5;;;;;;;;;;;
ILZ;01.11.2005 00:00;;;;;;;;;;;;;;;;;;3.4;;;;;;;;;;;
ILZ;01.12.2005 00:00;;;;;;;;;;;;;;;;;;65.8;;;;;;;;;;;
ILZ;01.01.2006 00:00;;;;;;;;;;;;;;;;;;32.6;;;;;;;;;;;
ILZ;01.02.2006 00:00;;;;;;;;;;;;;;;;;;48.3;;;;;;;;;;;
ILZ;01.03.2006 00:00;;;;;;;;;;;;;;;;;;65.2;;;;;;;;;;;
ILZ;01.04.2006 00:00;;;;;;;;;;;;;;;;;;49.3;;;;;;;;;;;
ILZ;01.05.2006 00:00;;;;;;;;;;;;;;;;;;107.1;;;;;;;;;;;
ILZ;01.06.2006 00:00;;;;;;;;;;;;;;;;;;24.9;;;;;;;;;;;
ILZ;01.07.2006 00:00;;;;;;;;;;;;;;;;;;57;;;;;;;;;;;
ILZ;01.08.2006 00:00;;;;;;;;;;;;;;;;;;119.9;;;;;;;;;;;
ILZ;01.09.2006 00:00;;;;;;;;;;;;;;;;;;72.9;;;;;;;;;;;
ILZ;01.10.2006 00:00;;;;;;;;;;;;;;;;;;27.2;;;;;;;;;;;
ILZ;01.11.2006 00:00;;;;;;;;;;;;;;;;;;22.3;;;;;;;;;;;
ILZ;01.12.2006 00:00;;;;;;;;;;;;;;;;;;85;;;;;;;;;;;
ILZ;01.01.2007 00:00;;;;;;;;;;;;;;;;;;98.7;;;;;;;;;;;
ILZ;01.02.2007 00:00;;;;;;;;;;;;;;;;;;46.2;;;;;;;;;;;
ILZ;01.03.2007 00:00;;;;;;;;;;;;;;;;;;46.6;;;;;;;;;;;
ILZ;01.04.2007 00:00;;;;;;;;;;;;;;;;;;8.5;;;;;;;;;;;
ILZ;01.05.2007 00:00;;;;;;;;;;;;;;;;;;93.4;;;;;;;;;;;
ILZ;01.06.2007 00:00;;;;;;;;;;;;;;;;;;145.5;;;;;;;;;;;
ILZ;01.07.2007 00:00;;;;;;;;;;;;;;;;;;152.3;;;;;;;;;;;
ILZ;01.08.2007 00:00;;;;;;;;;;;;;;;;;;174.2;;;;;;;;;;;
ILZ;01.09.2007 00:00;;;;;;;;;;;;;;;;;;70.9;;;;;;;;;;;
ILZ;01.10.2007 00:00;;;;;;;;;;;;;;;;;;18;;;;;;;;;;;
ILZ;01.11.2007 00:00;;;;;;;;;;;;;;;;;;70.6;;;;;;;;;;;
ILZ;01.12.2007 00:00;;;;;;;;;;;;;;;;;;60;;;;;;;;;;;
ILZ;01.01.2008 00:00;;;;;;;;;;;;;;;;;;62.3;;;;;;;;;;;
ILZ;01.02.2008 00:00;;;;;;;;;;;;;;;;;;6;;;;;;;;;;;
ILZ;01.03.2008 00:00;;;;;;;;;;;;;;;;;;91.1;;;;;;;;;;;
ILZ;01.04.2008 00:00;;;;;;;;;;;;;;;;;;137.9;;;;;;;;;;;
ILZ;01.05.2008 00:00;;;;;;;;;;;;;;;;;;49.7;;;;;;;;;;;
ILZ;01.06.2008 00:00;;;;;;;;;;;;;;;;;;41;;;;;;;;;;;
ILZ;01.07.2008 00:00;;;;;;;;;;;;;;;;;;140.5;;;;;;;;;;;
ILZ;01.08.2008 00:00;;;;;;;;;;;;;;;;;;127.8;;;;;;;;;;;
ILZ;01.09.2008 00:00;;;;;;;;;;;;;;;;;;184.2;;;;;;;;;;;
ILZ;01.10.2008 00:00;;;;;;;;;;;;;;;;;;131.2;;;;;;;;;;;
ILZ;01.11.2008 00:00;;;;;;;;;;;;;;;;;;119.4;;;;;;;;;;;
ILZ;01.12.2008 00:00;;;;;;;;;;;;;;;;;;53.2;;;;;;;;;;;
ILZ;01.01.2009 00:00;;;;;;;;;;;;;;;;;;38.7;;;;;;;;;;;
ILZ;01.02.2009 00:00;;;;;;;;;;;;;;;;;;104;;;;;;;;;;;
ILZ;01.03.2009 00:00;;;;;;;;;;;;;;;;;;87.7;;;;;;;;;;;
ILZ;01.04.2009 00:00;;;;;;;;;;;;;;;;;;67;;;;;;;;;;;
ILZ;01.05.2009 00:00;;;;;;;;;;;;;;;;;;27.8;;;;;;;;;;;
ILZ;01.06.2009 00:00;;;;;;;;;;;;;;;;;;63.8;;;;;;;;;;;
ILZ;01.07.2009 00:00;;;;;;;;;;;;;;;;;;136.5;;;;;;;;;;;
ILZ;01.08.2009 00:00;;;;;;;;;;;;;;;;;;55.9;;;;;;;;;;;
ILZ;01.09.2009 00:00;;;;;;;;;;;;;;;;;;18.7;;;;;;;;;;;
ILZ;01.10.2009 00:00;;;;;;;;;;;;;;;;;;46.3;;;;;;;;;;;
ILZ;01.11.2009 00:00;;;;;;;;;;;;;;;;;;133.7;;;;;;;;;;;
ILZ;01.12.2009 00:00;;;;;;;;;;;;;;;;;;53.6;;;;;;;;;;;
ILZ;01.01.2010 00:00;;;;;;;;;;;;;;;;;;15.5;;;;;;;;;;;
ILZ;01.02.2010 00:00;;;;;;;;;;;;;;;;;;15.6;;;;;;;;;;;
ILZ;01.03.2010 00:00;;;;;;;;;;;;;;;;;;51.1;;;;;;;;;;;
ILZ;01.04.2010 00:00;;;;;;;;;;;;;;;;;;26.3;;;;;;;;;;;
ILZ;01.05.2010 00:00;;;;;;;;;;;;;;;;;;167.8;;;;;;;;;;;
ILZ;01.06.2010 00:00;;;;;;;;;;;;;;;;;;45.6;;;;;;;;;;;
ILZ;01.07.2010 00:00;;;;;;;;;;;;;;;;;;113.8;;;;;;;;;;;
ILZ;01.08.2010 00:00;;;;;;;;;;;;;;;;;;172.7;;;;;;;;;;;
ILZ;01.09.2010 00:00;;;;;;;;;;;;;;;;;;88.3;;;;;;;;;;;
ILZ;01.10.2010 00:00;;;;;;;;;;;;;;;;;;49.1;;;;;;;;;;;
ILZ;01.11.2010 00:00;;;;;;;;;;;;;;;;;;96.9;;;;;;;;;;;
ILZ;01.12.2010 00:00;;;;;;;;;;;;;;;;;;35.9;;;;;;;;;;;
ILZ;01.01.2011 00:00;;;;;;;;;;;;;;;;;;31.8;;;;;;;;;;;
ILZ;01.02.2011 00:00;;;;;;;;;;;;;;;;;;8.2;;;;;;;;;;;
ILZ;01.03.2011 00:00;;;;;;;;;;;;;;;;;;8.7;;;;;;;;;;;
ILZ;01.04.2011 00:00;;;;;;;;;;;;;;;;;;10.1;;;;;;;;;;;
ILZ;01.05.2011 00:00;;;;;;;;;;;;;;;;;;66.4;;;;;;;;;;;
ILZ;01.06.2011 00:00;;;;;;;;;;;;;;;;;;109.7;;;;;;;;;;;
ILZ;01.07.2011 00:00;;;;;;;;;;;;;;;;;;127.4;;;;;;;;;;;
ILZ;01.08.2011 00:00;;;;;;;;;;;;;;;;;;91.4;;;;;;;;;;;
ILZ;01.09.2011 00:00;;;;;;;;;;;;;;;;;;103.5;;;;;;;;;;;
ILZ;01.10.2011 00:00;;;;;;;;;;;;;;;;;;82.7;;;;;;;;;;;
ILZ;01.11.2011 00:00;;;;;;;;;;;;;;;;;;10.7;;;;;;;;;;;
ILZ;01.12.2011 00:00;;;;;;;;;;;;;;;;;;201.2;;;;;;;;;;;
ILZ;01.01.2012 00:00;;;;;;;;;;;;;;;;;;150;;;;;;;;;;;
ILZ;01.02.2012 00:00;;;;;;;;;;;;;;;;;;21.8;;;;;;;;;;;
ILZ;01.03.2012 00:00;;;;;;;;;;;;;;;;;;38.7;;;;;;;;;;;
ILZ;01.04.2012 00:00;;;;;;;;;;;;;;;;;;91.6;;;;;;;;;;;
ILZ;01.05.2012 00:00;;;;;;;;;;;;;;;;;;47.7;;;;;;;;;;;
ILZ;01.06.2012 00:00;;;;;;;;;;;;;;;;;;178.1;;;;;;;;;;;
ILZ;01.07.2012 00:00;;;;;;;;;;;;;;;;;;123.7;;;;;;;;;;;
ILZ;01.08.2012 00:00;;;;;;;;;;;;;;;;;;183.7;;;;;;;;;;;
ILZ;01.09.2012 00:00;;;;;;;;;;;;;;;;;;86.9;;;;;;;;;;;
ILZ;01.10.2012 00:00;;;;;;;;;;;;;;;;;;95.2;;;;;;;;;;;
ILZ;01.11.2012 00:00;;;;;;;;;;;;;;;;;;86.2;;;;;;;;;;;
ILZ;01.12.2012 00:00;;;;;;;;;;;;;;;;;;107.9;;;;;;;;;;;
ILZ;01.01.2013 00:00;;;;;;;;;;;;;;;;;;40;;;;;;;;;;;
ILZ;01.02.2013 00:00;;;;;;;;;;;;;;;;;;46.1;;;;;;;;;;;
ILZ;01.03.2013 00:00;;;;;;;;;;;;;;;;;;11.2;;;;;;;;;;;
ILZ;01.04.2013 00:00;;;;;;;;;;;;;;;;;;115;;;;;;;;;;;
ILZ;01.05.2013 00:00;;;;;;;;;;;;;;;;;;127.5;;;;;;;;;;;
ILZ;01.06.2013 00:00;;;;;;;;;;;;;;;;;;47.9;;;;;;;;;;;
ILZ;01.07.2013 00:00;;;;;;;;;;;;;;;;;;51.2;;;;;;;;;;;
ILZ;01.08.2013 00:00;;;;;;;;;;;;;;;;;;83.7;;;;;;;;;;;
ILZ;01.09.2013 00:00;;;;;;;;;;;;;;;;;;87.6;;;;;;;;;;;
ILZ;01.10.2013 00:00;;;;;;;;;;;;;;;;;;131.1;;;;;;;;;;;
ILZ;01.11.2013 00:00;;;;;;;;;;;;;;;;;;97.6;;;;;;;;;;;
ILZ;01.12.2013 00:00;;;;;;;;;;;;;;;;;;88;;;;;;;;;;;
ILZ;01.01.2014 00:00;;;;;;;;;;;;;;;;;;55.9;;;;;;;;;;;
ILZ;01.02.2014 00:00;2.2;11.8;-5.7;;;;;6.1;;;;;;;;;;77.8;91;;;;5118;45;;0;498.8;;72.3
ILZ;01.03.2014 00:00;5.4;20.7;-3.5;;;;;6.2;;;;;;;;;;49.2;167;;;;11488;64;;0;451.6;;14
ILZ;01.04.2014 00:00;9.8;22;-3.3;;;;;8.3;;;;;;;;;;54;202;;;;10190;46;;0;279.1;;-5.2
ILZ;01.05.2014 00:00;;;;;;;;;;;;;;;;;;37.4;240;;;;10819;43;;;;;
ILZ;01.06.2014 00:00;16.7;34;3.3;;;;68.6;12.2;;;;;;;;;;88.3;269;;;;14292;57;;16.5;0;0;-24.2
ILZ;01.07.2014 00:00;16.9;32.4;6;;;;80;14.9;;;;;;;;;;123;206;;;;8969;35;;12.1;0;0;57.6
ILZ;01.08.2014 00:00;15.5;27.3;4.8;;;;81.9;14.2;;;;;;;;;;119.3;196;;;;9195;39;;1.3;8.5;0.5;61
ILZ;01.09.2014 00:00;13.4;26.3;1.7;;;;83.1;12.6;;;;;;;;;;29.8;161;;;;8807;47;;0;84.2;12.2;4.4
ILZ;01.10.2014 00:00;9.8;22.1;-1.9;;;;89.7;11;;;;;;;;;;112.8;97;;;;6763;47;;0;211.6;83.6;98.6
ILZ;01.11.2014 00:00;5.1;17;-2.5;;;;95.1;8.4;;;;;;;;;;163.7;58;;;;4292;44;;0;448.2;208.2;158.9
ILZ;01.12.2014 00:00;0.9;9.3;-6.7;;;;;6.1;;;;;;;;;;47.3;40;;;;2340;29;;0;592.3;344.3;
ILZ;01.01.2015 00:00;-1.2;10.8;-9.7;;;;;4.8;;;;;;;;;;95.6;53;;;;3849;42;;0;657.7;409.7;
ILZ;01.02.2015 00:00;-1.7;10.9;-12.5;;;;82.4;4.4;;;;;;;;;;24.7;97;;;;5571;49;;0;608.6;384.6;18.9
ILZ;01.03.2015 00:00;4.7;18.8;-6.1;;;;75.5;6.2;;;;;;;;;;79;153;;;;9464;53;;0;473.7;225.7;48.6
ILZ;01.04.2015 00:00;8.5;23.5;-4;;;;69;7.1;;;;;;;;;;33.4;223;;;;13306;61;;0;323.7;107.7;-46.5
ILZ;01.05.2015 00:00;12.9;28.7;1.7;;;;84.7;12.2;;;;;;;;;;125;212;;;;9543;38;;0.2;114.4;26.4;79.9
ILZ;01.06.2015 00:00;;;;;;;;;;;;;;;;;;48.1;260;;;;13029;52;;;;;
ILZ;01.07.2015 00:00;20.8;36.3;7.3;;;;67.5;15.7;;;;;;;;;;49.2;290;;;;17984;71;;89.7;0;0;-95.3
ILZ;01.08.2015 00:00;;;;;;;;;;;;;;;;;;79.9;217;;;;13755;58;;;;;
ILZ;01.09.2015 00:00;11.8;25.6;2;;;;83.7;11.5;;;;;;;;;;127.5;147;;;;8089;43;;0;182.8;30.8;95.4
ILZ;01.10.2015 00:00;8.6;22;-1.2;;;;83.3;9.2;;;;;;;;;;75.8;111;;;;7542;53;;0;325;109;55.2
ILZ;01.11.2015 00:00;3.5;20.8;-8.4;;;;86.6;6.8;;;;;;;;;;28.5;73;;;;7151;73;;0;494.5;254.5;17.5
ILZ;01.12.2015 00:00;-1;10.6;-7.6;;;;94.4;5.4;;;;;;;;;;9.5;51;;;;6350;79;;0;651.4;403.4;6.3
ILZ;01.01.2016 00:00;-1.1;10.6;-16.1;;;;93.2;5.4;;;;;;;;;;77;55;;;;4004;44;;0;653.5;405.5;75.2
ILZ;01.02.2016 00:00;1.8;12.8;-6.3;;;;86.7;6;;;;;;;;;;49.9;81;;;;3684;31;;0;526.4;294.4;46.4
ILZ;01.03.2016 00:00;3.7;18.1;-7;;;;73.6;5.7;;;;;;;;;;53.2;164;;;;9939;55;;0;505.4;257.4;19.3
ILZ;01.04.2016 00:00;8.4;23.4;-4.2;;;;72.5;7.7;;;;;;;;;;120;182;;;;7133;33;;0;311.8;111.8;72.3
ILZ;01.05.2016 00:00;11.8;26.8;-1.5;;;;73;9.7;;;;;;;;;;97.1;215;;;;9447;38;;0.6;186.1;50.1;28.9
ILZ;01.06.2016 00:00;15.9;31.9;5.4;;;;78.4;13.7;;;;;;;;;;142.5;242;;;;10220;41;;11.1;8.6;0.6;74.8
ILZ;01.07.2016 00:00;18.3;33.3;6.1;;;;75.5;15.4;;;;;;;;;;85.1;254;;;;14023;55;;33.9;17.6;1.6;-13.7
ILZ;01.08.2016 00:00;17.4;30.6;7.2;;;;77.7;15;;;;;;;;;;81.6;226;;;;13283;56;;17.6;0;0;7.1
ILZ;01.09.2016 00:00;15;28.4;4.1;;;;79.5;13.2;;;;;;;;;;41.3;185;;;;12963;69;;1.9;0;0;-11.5
ILZ;01.10.2016 00:00;7.8;19.7;-2;;;;84.2;8.9;939.6;;1517.5;;1021.3;;;;;29.3;101;;;;6563;46;;0;371.4;131.4;10.4
ILZ;01.11.2016 00:00;3.5;16.1;-6.2;;;;89.5;7.1;935.9;;1472.8;;1017.4;;;;;63.7;57;;;;3437;35;;0;495.9;255.9;57.6
ILZ;01.12.2016 00:00;-3.3;8;-10.2;;;;89.8;4.4;948.3;;1555.8;;1030.7;;;;;2.3;52;;;;7031;87;;0;722.4;474.4;-2.6
ILZ;01.01.2017 00:00;-6.6;5.3;-18.3;;;;89;3.5;940.3;;1479.6;;1022.1;;;;;62.5;60;;;;5783;63;;0;825.9;577.9;52
ILZ;01.02.2017 00:00;1.9;17.9;-6.2;;;;83;5.7;937.3;;1479.6;;1018.8;;;;;30.1;94;;;;5984;52;;0;506.8;282.8;31.2
ILZ;01.03.2017 00:00;6.5;22.6;-3.2;;;;76.7;7.1;937.3;;1494.2;;1018.9;;;;;100.3;154;;;;9775;54;;0;418.7;170.7;66.1
ILZ;01.04.2017 00:00;7.9;22.8;-5.9;;;;70.1;7.1;937.8;;1501.9;;1019.3;;;;;53.7;218;;;;12172;55;;0;339.5;123.5;-16.9
ILZ;01.05.2017 00:00;13.9;30.7;-0.3;;;;67.3;10.1;936.9;;1512.5;;1018.4;;;;;36.1;264;;;;14088;56;;8.6;120.6;32.6;-70.9
ILZ;01.06.2017 00:00;18.5;33.8;3.3;;;;71.1;14.5;936.4;;1522;;1017.9;;;;;123.5;266;;;;14031;56;;43;8;0;15.3
ILZ;01.07.2017 00:00;18.1;32.2;7.9;;;;75.3;15.1;937.5;;1530.1;;1019;;;;;67.9;253;;;;12589;49;;29.6;0;0;-21.4
ILZ;01.08.2017 00:00;18.1;33.2;5.9;;;;77.1;15.5;939;;1543.9;;1020.7;;;;;142.3;213;;;;13296;56;;33.2;8.8;0.8;44.6
ILZ;01.09.2017 00:00;11.2;23;0.6;;;;83;10.9;937;;1505.1;;1018.5;;;;;102.4;152;;;;7977;42;;0;184.2;40.2;88.2
ILZ;01.10.2017 00:00;8.5;23.1;-2.3;;;;82.6;9;942.1;;1540.9;;1023.9;;;;;32.8;115;;;;9432;66;;0;341.1;109.1;7.9
ILZ;01.11.2017 00:00;2;16.4;-5.3;;;;87.5;6.2;936.7;;1475.3;;1018.2;;;;;54.8;59;;;;3856;40;;0;541.4;301.4;47.6
ILZ;01.12.2017 00:00;-2.4;4.9;-9.8;;;;91.6;4.8;937;;1464.3;;1018.6;;;;;123.3;45;;;;3796;47;;0;693.7;445.7;119.5
ILZ;01.01.2018 00:00;-0.2;7.4;-10.8;;;;95.5;5.8;936.2;;1464.8;;1017.7;;;;;200.8;51;;;;3683;40;;0;627.5;379.5;200.4
ILZ;01.02.2018 00:00;-2.5;8.1;-17.4;;;;78.6;4.2;932.1;;1424.3;;1013.3;;;;;22;93;;;;4890;43;;0;630.1;406.1;14.5
ILZ;01.03.2018 00:00;2.6;14.1;-7.2;;;;79.1;5.8;924.5;;1372.6;;1005.1;;;;;65.5;135;;;;5799;32;;0;538.9;290.9;43.5
ILZ;01.04.2018 00:00;11.2;25.7;-1.8;;;;64.5;7.9;934.7;;1485.2;;1016.1;;;;;24.6;227;;;;12912;59;;0;201;49;-55.4
ILZ;01.05.2018 00:00;14.7;28.4;5.8;;;;71.3;11.3;934.7;;1494.9;;1016;;;;;73.8;226;;;;10509;42;;0.5;72.6;8.6;-1.2
ILZ;01.06.2018 00:00;17.7;29.8;4.8;;;;66.4;12.9;936.3;;1518.2;;1017.8;;;;;31.7;284;;;;15378;61;;18.3;0;0;-94.3
ILZ;01.07.2018 00:00;19.7;32.6;7.6;;;;64.4;13.7;936.6;;1527;;1018.1;;;;;35.3;280;;;;17004;67;;50.2;0;0;-118.2
ILZ;01.08.2018 00:00;19.1;34.5;5.9;;;;70.2;14.8;938.4;;1541.7;;1020.1;;;;;106.2;224;;;;13646;57;;51.8;0;0;3.9
ILZ;01.09.2018 00:00;15.1;28.9;-0.1;;;;74.5;12.3;941.1;;1552.6;;1022.9;;;;;29;187;;;;12840;68;;0.8;42.4;10.4;-42.1
ILZ;01.10.2018 00:00;9.3;25.2;-1.8;;;;78.4;8.8;937.9;;1507.2;;1019.5;;;;;129.6;109;;;;8931;62;;0;285.4;93.4;106.7
ILZ;01.11.2018 00:00;4.6;18.9;-5.5;;;;87.9;7.5;936.4;;1480.5;;1017.9;;;;;15.7;65;;;;4640;48;;0;462.3;222.3;8.5
ILZ;01.12.2018 00:00;-0.7;10.9;-12.9;;;;96.5;5.9;941.1;;1504.4;;1022.9;;;;;146;41;;;;3435;43;;0;641.9;393.9;144.7
ILZ;01.01.2019 00:00;-4.1;3.8;-16.3;;;;90.8;4.2;934.9;;1442.6;;1016.3;;;;;100.9;60;;;;4824;52;;0;748.5;500.5;99
ILZ;01.02.2019 00:00;-0.5;15.3;-12.3;;;;85.6;5;942.8;;1518.8;;1024.8;;;;;29.3;116;;;;9105;80;;0;572.9;348.9;21.8
ILZ;01.03.2019 00:00;4.2;20.6;-4.3;;;;76.4;5.9;939.3;;1504;;1021;;;;;79.1;165;;;;10827;60;;0;489.3;241.3;40.1
ILZ;01.04.2019 00:00;8.4;21.6;-1.5;;;;71.2;7.3;933;;1462.6;;1014.3;;;;;88;198;;;;9099;41;;0;317.5;109.5;30.9
ILZ;01.05.2019 00:00;10.1;22.8;-3.3;;;;74.2;8.9;934;;1475.3;;1015.3;;;;;50.2;208;;;;7929;32;;0;254.4;70.4;-7.2
ILZ;01.06.2019 00:00;18.9;35.4;5.9;;;;66.2;13.5;937.4;;1531.9;;1019;;;;;104.6;286;;;;16928;68;;48.8;0;0;-36.9
ILZ;01.07.2019 00:00;19.1;33.9;7.9;;;;72.7;15.5;936.3;;1523.2;;1017.8;;;;;55.3;256;;;;13996;55;;48.1;0;0;-49.9
ILZ;01.08.2019 00:00;18;32.3;6.9;;;;77.9;15.5;938.6;;1539.4;;1020.2;;;;;168.9;212;;;;12806;54;;17.7;0;0;93.3
ILZ;01.09.2019 00:00;13.5;26.3;3.5;;;;82;12.5;939.6;;1535.3;;1021.3;;;;;79.2;165;;;;10573;56;;0;65.5;9.5;37.1
ILZ;01.10.2019 00:00;10.1;23.9;0.5;;;;88.6;10.9;937;;1501.9;;1018.5;;;;;92.4;103;;;;6609;46;;0;271.3;63.3;75.9
ILZ;01.11.2019 00:00;4.3;17.6;-4;;;;93.1;7.8;926.8;;1396.7;;1007.6;;;;;90.6;55;;;;3086;32;;0;470.3;230.3;86
ILZ;01.12.2019 00:00;0.3;12;-7.4;;;;96.9;6.1;936;;1463.5;;1017.4;;;;;94.7;42;;;;3435;43;;0;611.7;363.7;93.2
ILZ;01.01.2020 00:00;-1.3;9.2;-8.9;;;;92.6;5.1;944.5;;1530.3;;1026.6;;;;;29.1;62;;;;6577;71;;0;661.4;413.4;26.7
ILZ;01.02.2020 00:00;1.7;17.2;-9.6;;;;88.4;6.1;939.2;;1495.8;;1020.9;;;;;66.1;89;;;;5653;47;;0;530;298;61.3
ILZ;01.03.2020 00:00;4.5;20;-5;;;;77.1;6.2;935.7;;1474.1;;1017.1;;;;;36.7;162;;;;10313;57;;0;481.7;233.7;
ILZ;01.04.2020 00:00;;;;;;;;;;;;;;;;;;22.9;;;;;;;;;;;
ILZ;01.05.2020 00:00;13;28.9;2.2;;;;67.4;9.5;938;;1519;;1019.6;;;;;39.6;253;;;;13868;55;;0;107.8;19.8;-66.7
ILZ;01.06.2020 00:00;15.5;28.5;4.1;;;;74.1;12.6;934.3;;1493.9;;1015.6;;;;;132.3;224;;;;9316;37;;6.5;28.7;4.7;56.7
ILZ;01.07.2020 00:00;18.6;34;8.3;;;;71;14.5;938;;1535.9;;1019.6;;;;;49.4;274;;;;16322;64;;30.1;0;0;-75.2
ILZ;01.08.2020 00:00;17.7;32.5;7;;;;77;15.1;936.3;;1518.4;;1017.8;;;;;202.1;200;;;;12976;55;;29.4;26;2;120.6
ILZ;01.09.2020 00:00;14.1;30.1;1.8;;;;80.8;12.9;937.6;;1519.5;;1019.2;;;;;66.9;177;;;;12188;65;;0;74.6;26.6;17.3
ILZ;01.10.2020 00:00;7.5;19.6;-1.8;;;;85.4;8.8;935;;1477.2;;1016.5;;;;;152.6;97;;;;5594;39;;0;379.1;139.1;137
ILZ;01.11.2020 00:00;3;19.6;-6.1;;;;86.8;6.7;943.8;;1538.8;;1025.8;;;;;0.7;70;;;;7000;72;;0;508.9;268.9;-9.4
ILZ;01.12.2020 00:00;-1.7;4.9;-11.2;;;;94.5;5.2;929.8;;1406.4;;1010.8;;;;;79.3;39;;;;2415;30;;0;672.5;424.5;77.9
ILZ;01.01.2021 00:00;-4.2;6.4;-17.2;;;;94.1;4.4;931.5;;1414;;1012.7;;;;;170.9;53;;;;3386;37;;0;750.8;502.8;169
ILZ;01.02.2021 00:00;0.2;13.4;-14.6;;;;85.7;5.3;938.4;;1483.3;;1020;;;;;26.7;107;;;;6750;59;;0;554.4;330.4;21.2
ILZ;01.03.2021 00:00;3;23.8;-6.7;;;;73.7;5.3;940.5;;1510.8;;1022.3;;;;;65.5;175;;;;10996;61;;0;525.7;277.7;26.6
ILZ;01.04.2021 00:00;7;22;-3.4;;;;61.8;5.9;936.2;;1485.4;;1017.7;;;;;21;231;;;;12705;58;;0;373.8;149.8;-64.3
ILZ;01.05.2021 00:00;10.5;23.7;-0.2;;;;70.7;8.5;934.2;;1478.9;;1015.6;;;;;67.6;233;;;;10529;42;;0;271.8;55.8;-9.2
ILZ;01.06.2021 00:00;18.3;32.6;4.1;;;;68.7;13.6;938;;1535.4;;1019.6;;;;;65;270;;;;13747;55;;31.4;0;0;-49
ILZ;01.07.2021 00:00;17;28.9;8;;;;80.9;15.3;936.5;;1518.4;;1018;;;;;250.3;207;;;;10173;40;;10.1;0;0;176.9
ILZ;01.08.2021 00:00;16.4;32;9.1;;;;78.9;14.3;937.4;;1524.3;;1019;;;;;74.1;217;;;;11818;50;;14.4;0;0;15.5
ILZ;01.09.2021 00:00;14.6;27;3.6;;;;81.4;13.2;939.8;;1540.5;;1021.6;;;;;48.5;180;;;;12702;68;;0;36.1;4.1;-3.6
ILZ;01.10.2021 00:00;7.2;22.3;-2.9;;;;84.7;8.5;940.3;;1521.6;;1022.1;;;;;19.2;113;;;;8568;60;;0;373.9;149.9;-2.1
ILZ;01.11.2021 00:00;2;16.6;-5.8;;;;95.6;6.8;935.5;;1465.4;;1017;;;;;103.4;61;;;;4701;48;;0;540;300;99
ILZ;01.12.2021 00:00;-3;4.9;-13.9;;;;90;4.5;936.3;;1456.8;;1017.8;;;;;59.4;44;;;;3668;45;;0;712.1;464.1;
ILZ;01.01.2022 00:00;-3.4;7.5;-13.7;;;;89.1;4.4;944.3;;1522.1;;1026.4;;;;;33.3;63;;;;6018;65;;0;724;476;24.5
ILZ;01.02.2022 00:00;-0.2;12.1;-11.7;;;;84.1;5.1;940.8;;1502.7;;1022.6;;;;;68.4;107;;;;6937;61;;0;565.9;341.9;67.2
ILZ;01.03.2022 00:00;4.4;19.6;-8.1;;;;64.2;5;941;;1519.1;;1022.8;;;;;1.9;179;;;;13373;74;;0;482.3;234.3;-51.6
ILZ;01.04.2022 00:00;8.5;24.4;-2.8;;;;69.7;7.3;932.3;;1456.8;;1013.6;;;;;37.9;226;;;;12868;59;;0;324.6;108.6;-35.8
ILZ;01.05.2022 00:00;15;31.8;2.5;;;;74.9;12.2;938.1;;1526.3;;1019.7;;;;;66.2;240;;;;12044;48;;4;73.2;9.2;-8.1
ILZ;01.06.2022 00:00;18.1;32.7;6.7;;;;75;14.9;937.6;;1531.3;;1019.2;;;;;122;252;;;;14210;57;;28.7;0;0;9.6
ILZ;01.07.2022 00:00;19.8;34.8;7.6;;;;69.3;15.1;940.5;;1562.6;;1022.3;;;;;67.6;288;;;;18279;72;;57.4;0;0;-59.2
ILZ;01.08.2022 00:00;19.1;32.4;8.1;;;;72.1;15.1;937.1;;1529.5;;1018.6;;;;;61.9;240;;;;16127;68;;36.2;0;0;-49.7
ILZ;01.09.2022 00:00;13;28;0.7;;;;79.4;11.7;934.9;;1491.8;;1016.2;;;;;50.9;168;;;;9853;52;;0.4;150.3;38.3;4.4
ILZ;01.10.2022 00:00;11.4;23.8;2.2;;;;87.4;11.6;942.2;;1551.1;;1024.1;;;;;70.7;109;;;;8330;58;;0;171.5;27.5;51.4
ILZ;01.11.2022 00:00;4.6;16.6;-5.1;;;;92;7.8;936;;1477.2;;1017.5;;;;;25.8;63;;;;4706;48;;0;461.8;221.8;20
ILZ;01.12.2022 00:00;-0.2;9.9;-11.2;;;;97.4;6.1;934.9;;1454.5;;1016.3;;;;;43.9;41;;;;3126;39;;0;624.7;376.7;42.8
ILZ;01.01.2023 00:00;-0.5;10.8;-10.1;;;;89.5;5.4;937.5;;1474.5;;1019;;;;;13.4;57;;;;4041;44;;0;634.6;386.6;11.2
ILZ;01.02.2023 00:00;1.4;17;-9.5;;;;80;5.3;944.8;;1541;;1026.8;;;;;10.7;112;;;;8337;73;;0;519.9;295.9;2.2
ILZ;01.03.2023 00:00;5.4;20.9;-6.4;;;;78.7;6.8;932.8;;1452.1;;1014.1;;;;;82.7;145;;;;8674;48;;0;452.4;204.4;57.8
ILZ;01.04.2023 00:00;7.8;21.9;-4.4;;;;74.1;7.7;934.3;;1471.7;;1015.6;;;;;95.3;204;;;;8889;41;;0;337.1;129.1;45.7
ILZ;01.05.2023 00:00;13.6;25.9;2.8;;;;75.4;11.2;936.4;;1506.9;;1017.9;;;;;30.8;233;;;;10456;42;;0.3;112.9;16.9;-38
ILZ;01.06.2023 00:00;18.6;32.9;6.6;;;;63.1;12.7;936.3;;1521;;1017.8;;;;;24.8;279;;;;15243;61;;30.7;0;0;-108.6
ILZ;01.07.2023 00:00;19.2;35.5;6.7;;;;73.5;15.5;936.8;;1527.5;;1018.3;;;;;87;261;;;;13781;54;;44.9;0;0;-12.8
ILZ;01.08.2023 00:00;18.3;37;7;;;;75.3;15.1;936.9;;1526.3;;1018.5;;;;;184.5;208;;;;11912;50;;57.7;26.7;2.7;104.2
ILZ;01.09.2023 00:00;16;28.8;2.7;;;;82.6;14.6;939.5;;1541.6;;1021.2;;;;;140.4;183;;;;13127;70;;8.4;48.4;8.4;90.1
ILZ;01.10.2023 00:00;10.9;24.9;-0.6;;;;88.9;11.5;935.1;;1487.4;;1016.5;;;;;120.9;111;;;;8327;58;;0;213.1;45.1;102.2
ILZ;01.11.2023 00:00;3.3;12.7;-6.3;;;;96.5;7.6;931.1;;1431;;1012.2;;;;;111.1;54;;;;2857;29;;0;501.3;261.3;107.6
ILZ;01.12.2023 00:00;0.1;8.4;-14.1;;;;93.8;6;937.7;;1478.2;;1019.3;;;;;163.5;41;;;;3178;39;;0;616.8;368.8;162.6
ILZ;01.01.2024 00:00;-0.5;10;-10.9;;;;88.9;5.7;939;;1487;;1020.7;;;;;47.1;56;;;;4745;52;;0;634.3;386.3;44.8
ILZ;01.02.2024 00:00;4.5;17;-4;;;;86.4;7.2;935.6;;1472.9;;1017.1;;;;;46;87;;;;4579;38;;0;449.8;217.8;37.2
ILZ;01.03.2024 00:00;6.2;20.2;-0.8;;;;82.3;7.5;930.8;;1437.2;;1011.9;;;;;134.7;124;;;;5875;33;;0;419.7;179.7;104.6
ILZ;01.04.2024 00:00;8.5;27.7;-0.7;;;;73.3;7.7;936.3;;1491.5;;1017.8;;;;;67.5;199;;;;9295;42;;0;290.5;122.5;32.2
ILZ;01.05.2024 00:00;13;24.6;4.1;;;;74.5;10.6;933.7;;1481.8;;1015.1;;;;;63;207;;;;7385;29;;0;82.9;10.9;10.3
ILZ;01.06.2024 00:00;16.6;29.8;6.2;;;;78.6;14.4;935.7;;1509.3;;1017.1;;;;;122.6;217;;;;8610;34;;13.8;18.2;2.2;63.8
ILZ;01.07.2024 00:00;19.5;32.5;10;;;;75.8;16.6;936.9;;1529.2;;1018.4;;;;;49.2;259;;;;14688;58;;52.9;0;0;-44.7
ILZ;01.08.2024 00:00;20.1;34.1;10.7;;;;75.1;16.9;937.3;;1535;;1018.9;;;;;38.8;232;;;;16414;69;;64.3;0;0;-57.8
ILZ;01.09.2024 00:00;12.9;31.6;3.3;;;;81.3;11.9;935.7;;1498.6;;1017.2;;;;;89.9;140;;;;6999;37;;2.5;128.1;32.1;55.5
ILZ;01.10.2024 00:00;10.2;23.1;0.3;;;;90;11.2;937.9;;1509.7;;1019.5;;;;;62.3;83;;;;3903;27;;0;261.2;61.2;52.6
ILZ;01.11.2024 00:00;1.6;17.6;-7.8;;;;92;6.3;941.3;;1513.1;;1023.2;;;;;45.4;73;;;;7336;75;;0;552.8;312.8;37.4
ILZ;01.12.2024 00:00;-2.3;7.3;-13.2;;;;95.1;5.1;942;;1506.2;;1023.9;;;;;44;45;;;;4507;56;;0;690.6;442.6;41.9
ILZ;01.01.2025 00:00;-2;12.6;-12.4;;;;92.8;5.1;937.4;;1469;;1019;;;;;78.2;55;;;;4470;49;;0;681.6;433.6;76.8
ILZ;01.02.2025 00:00;1.4;16.9;-8.7;;;;80.9;5.4;941;;1509.7;;1022.8;;;;;3.1;106;;;;6825;60;;0;520.8;296.8;-3.7
ILZ;01.03.2025 00:00;5.8;17.6;-5.6;;;;70.1;6.1;934.3;;1465.2;;1015.6;;;;;28.5;158;;;;9466;53;;0;441.4;193.4;-5.3
ILZ;01.04.2025 00:00;10.4;24.4;-2.4;;;;64.9;7.7;934.9;;1484;;1016.3;;;;;34.5;224;;;;12828;58;;0;228.1;60.1;-43.6
ILZ;01.05.2025 00:00;12.6;29.5;2.3;;;;71.9;10;935.4;;1495.5;;1016.8;;;;;101.4;235;;;;10650;42;;1.3;125.9;21.9;23
ILZ;01.06.2025 00:00;19;33.8;7.8;;;;72.8;15.2;939.7;;1553;;1021.4;;;;;96.8;270;;;;15841;63;;43;0;0;-16.7
ILZ;01.07.2025 00:00;17;31.5;5.7;;;;77.7;14.7;936.4;;1517.6;;1017.9;;;;;148.9;229;;;;10980;43;;14.4;8.4;0.4;74.2
ILZ;01.08.2025 00:00;18.2;32.3;7.6;;;;76.2;15.3;937.2;;1528.6;;1018.8;;;;;120.7;235;;;;15092;64;;39.5;0;0;28.4
